slot,task_id,owner_ap_id,destination_id,local_cost,delay_cost,energy_cost,mission_cost,fidelity_cost
1,T1_UAV_16,BS_0,LEO_1,257.204553,257.066609,0.0,0.018912,0.095163
1,T1_UAV_12,BS_1,LEO_1,108.424627,108.270658,0.0,0.034936,0.095163
1,T1_UAV_10,BS_4,LEO_1,125.583155,125.439683,0.0,0.02444,0.095163
1,T1_UAV_15,BS_0,LEO_1,118.449348,118.277574,0.0,0.052742,0.095163
1,T1_UAV_11,BS_4,LEO_1,199.909861,199.76566,0.0,0.025168,0.095163
1,T1_UAV_13,BS_4,LEO_0,97.989551,97.850359,0.0,0.02016,0.095163
1,T1_UAV_14,BS_3,LEO_1,348.006355,347.863451,0.0,0.023872,0.095163
1,T1_UAV_19,BS_4,LEO_0,122.222255,122.051549,0.0,0.051673,0.095163
1,T1_UAV_1,BS_3,LEO_0,107.867025,107.71091,0.0,0.037082,0.095163
1,T1_UAV_8,BS_2,LEO_0,112.198887,112.037543,0.0,0.042312,0.095163
1,T1_UAV_4,BS_1,HAP_1,191.773943,191.648427,0.0,0.006483,0.095163
1,T1_UAV_7,BS_4,HAP_1,133.450626,133.318665,0.0,0.012928,0.095163
1,T1_UAV_17,BS_2,HAP_0,79.517603,79.394807,0.0,0.003763,0.095163
1,T1_UAV_5,BS_3,HAP_1,256.499562,256.376267,0.0,0.004262,0.095163
2,T2_UAV_19,BS_4,HAP_2,206.763729,206.709257,0.0,0.018218,0.181269
2,T2_UAV_8,BS_2,HAP_2,469.788206,469.710764,0.0,0.041188,0.181269
2,T2_UAV_4,BS_1,HAP_2,497.863343,497.79955,0.0,0.027539,0.181269
2,T2_UAV_15,BS_0,HAP_2,287.140849,287.080321,0.0,0.024274,0.181269
2,T2_UAV_7,BS_4,HAP_0,136.333739,136.185755,0.0,0.009205,0.193895
2,T2_UAV_11,BS_4,HAP_2,281.728509,281.670563,0.0,0.021692,0.181269
2,T2_UAV_1,BS_3,HAP_0,282.786517,282.638389,0.0,0.009349,0.193895
2,T2_UAV_0,BS_3,BS_2,141.168778,140.991113,0.0,0.038038,0.198139
2,T2_UAV_16,BS_0,BS_0,159.696173,159.406289,0.0,0.075775,0.570545
2,T2_UAV_5,BS_3,BS_1,155.743357,155.550443,0.0,0.038158,0.27378
2,T2_UAV_17,BS_2,BS_3,125.689274,125.408135,0.0,0.089697,0.457212
2,T2_UAV_12,BS_1,BS_3,160.847501,160.61074,0.0,0.045318,0.457212
2,T2_UAV_10,BS_4,HAP_0,217.904767,217.755129,0.0,0.010859,0.193895
2,T2_UAV_18,BS_0,BS_4,73.901176,73.666756,0.0,0.043354,0.455334
3,T3_UAV_7,BS_4,LEO_1,102.698652,102.52379,0.0,0.034504,0.201794
3,T3_UAV_17,BS_2,LEO_1,192.585241,192.406312,0.0,0.038571,0.201794
3,T3_UAV_5,BS_3,LEO_1,149.458698,149.28899,0.0,0.029349,0.201794
3,T3_UAV_13,BS_4,LEO_0,158.991186,158.822933,0.0,0.028679,0.197873
3,T3_UAV_8,BS_2,LEO_0,246.372461,246.220424,0.0,0.012462,0.197873
3,T3_UAV_2,HAP_1,LEO_0,238.209664,238.012691,0.0,0.057399,0.197873
3,T3_UAV_6,HAP_1,LEO_0,201.988488,201.800307,0.0,0.048607,0.197873
3,T3_UAV_9,BS_0,LEO_1,205.925365,205.750545,0.0,0.034462,0.201794
3,T3_UAV_16,BS_0,LEO_0,272.410008,272.251217,0.0,0.019217,0.197873
3,T3_UAV_1,BS_3,LEO_1,296.842362,296.661054,0.0,0.040949,0.201794
3,T3_UAV_3,BS_3,HAP_1,326.094393,325.871271,0.0,0.028142,0.474899
3,T3_UAV_11,BS_4,HAP_1,122.642509,122.388463,0.0,0.059067,0.474899
3,T3_UAV_0,BS_3,HAP_1,127.473497,127.259887,0.0,0.018631,0.474899
3,T3_UAV_12,BS_1,HAP_1,311.262485,311.014131,0.0,0.053375,0.474899
3,T3_UAV_4,BS_1,HAP_0,35.163848,34.984051,0.0,0.018674,0.305618
4,T4_UAV_7,BS_4,HAP_2,391.262758,391.081705,0.0,0.040095,0.204791
4,T4_UAV_0,BS_3,HAP_0,124.231899,124.178062,0.0,0.015582,0.191273
4,T4_UAV_17,BS_2,HAP_2,410.380439,410.196081,0.0,0.0434,0.204791
4,T4_UAV_4,BS_1,HAP_2,214.858605,214.682079,0.0,0.035568,0.204791
4,T4_UAV_19,BS_4,HAP_0,143.962405,143.920217,0.0,0.003934,0.191273
4,T4_UAV_3,BS_3,HAP_2,465.038718,464.871725,0.0,0.026035,0.204791
4,T4_UAV_16,BS_0,HAP_2,402.3511,402.194689,0.0,0.015452,0.204791
4,T4_UAV_14,BS_3,HAP_0,174.182585,174.125847,0.0,0.018484,0.191273
4,T4_UAV_1,BS_3,HAP_0,138.248764,138.198781,0.0,0.011728,0.191273
4,T4_UAV_12,BS_1,BS_1,309.914651,309.729362,0.0,0.024255,0.305171
4,T4_UAV_2,HAP_1,BS_1,190.562715,190.346013,0.0,0.055668,0.305171
4,T4_UAV_6,HAP_1,BS_0,128.029996,127.843337,0.0,0.017124,0.347676
4,T4_UAV_13,BS_4,BS_2,51.838047,51.595031,0.0,0.063715,0.396504
4,T4_UAV_11,BS_4,BS_3,50.455743,50.230008,0.0,0.060031,0.328514
4,T4_UAV_10,BS_4,BS_4,83.870856,83.611847,0.0,0.092866,0.330714
4,T4_UAV_15,BS_0,BS_0,300.579443,300.356618,0.0,0.05329,0.347676
5,T5_UAV_18,BS_0,LEO_0,198.379327,198.181404,0.0,0.045103,0.264097
5,T5_UAV_15,BS_0,LEO_0,219.66372,219.492797,0.0,0.018104,0.264097
5,T5_UAV_8,BS_2,LEO_0,180.882568,180.697719,0.0,0.03203,0.264097
5,T5_UAV_3,BS_3,LEO_0,404.540781,404.373664,0.0,0.014297,0.264097
5,T5_UAV_0,BS_3,LEO_0,431.204833,431.029679,0.0,0.022334,0.264097
5,T5_UAV_16,BS_0,LEO_1,304.564653,304.395156,0.0,0.015947,0.267747
5,T5_UAV_10,BS_4,LEO_0,144.525205,144.323393,0.0,0.048993,0.264097
5,T5_UAV_5,BS_3,LEO_1,147.796098,147.594666,0.0,0.047883,0.267747
5,T5_UAV_7,BS_4,LEO_1,110.339839,110.154578,0.0,0.031712,0.267747
5,T5_UAV_11,BS_4,LEO_0,459.960247,459.761353,0.0,0.046074,0.264097
5,T5_UAV_1,BS_3,LEO_1,270.097965,269.924857,0.0,0.019558,0.267747
5,T5_UAV_2,HAP_1,HAP_1,92.207832,91.973774,0.0,0.051808,0.411247
5,T5_UAV_14,BS_3,LEO_1,187.717638,187.553767,0.0,0.010322,0.267747
5,T5_UAV_17,BS_2,HAP_1,148.220775,148.007545,0.0,0.03098,0.411247
6,T6_UAV_16,BS_0,HAP_0,127.688126,127.519798,0.0,0.015932,0.261981
6,T6_UAV_2,HAP_1,HAP_0,155.705979,155.548803,0.0,0.00478,0.261981
6,T6_UAV_7,BS_4,HAP_0,321.353537,321.182835,0.0,0.018306,0.261981
6,T6_UAV_13,BS_4,HAP_0,274.975682,274.796954,0.0,0.026332,0.261981
6,T6_UAV_6,HAP_1,HAP_2,238.441682,238.282512,0.0,0.006508,0.26331
6,T6_UAV_5,BS_3,HAP_2,318.603093,318.428055,0.0,0.022376,0.26331
6,T6_UAV_15,BS_0,HAP_2,329.256325,329.086613,0.0,0.01705,0.26331
6,T6_UAV_4,BS_1,HAP_2,386.153834,385.97517,0.0,0.026003,0.26331
6,T6_UAV_0,BS_3,BS_1,332.827498,332.665712,0.0,0.009992,0.258965
6,T6_UAV_11,BS_4,BS_1,112.743293,112.57003,0.0,0.02147,0.258965
6,T6_UAV_8,BS_2,BS_2,190.76011,190.57983,0.0,0.039719,0.202804
6,T6_UAV_17,BS_2,BS_0,62.195872,62.026191,0.0,0.018838,0.254219
6,T6_UAV_1,BS_3,BS_3,56.860059,56.653292,0.0,0.037074,0.348467
6,T6_UAV_9,BS_0,BS_2,286.410449,286.245942,0.0,0.023946,0.202804
6,T6_UAV_19,BS_4,BS_4,79.287274,79.095624,0.0,0.034225,0.287127
6,T6_UAV_12,BS_1,HAP_1,88.412747,88.192436,0.0,0.045614,0.373484
7,T7_UAV_1,BS_3,LEO_0,162.673231,162.498694,0.0,0.018346,0.280956
7,T7_UAV_2,HAP_1,LEO_0,304.084245,303.907111,0.0,0.020942,0.280956
7,T7_UAV_5,BS_3,LEO_0,273.378443,273.211131,0.0,0.01112,0.280956
7,T7_UAV_19,BS_0,LEO_0,198.773847,198.568274,0.0,0.049382,0.280956
7,T7_UAV_0,BS_3,LEO_0,283.315983,283.136418,0.0,0.023374,0.280956
7,T7_UAV_17,BS_2,LEO_0,290.940035,290.763527,0.0,0.020317,0.280956
7,T7_UAV_8,BS_2,LEO_1,106.884121,106.693267,0.0,0.034434,0.282101
7,T7_UAV_18,BS_0,LEO_1,104.751461,104.574131,0.0,0.02091,0.282101
7,T7_UAV_14,BS_3,LEO_1,282.621898,282.438523,0.0,0.026954,0.282101
7,T7_UAV_13,BS_4,LEO_1,171.486331,171.309628,0.0,0.020283,0.282101
7,T7_UAV_10,BS_4,LEO_1,291.677742,291.47722,0.0,0.044101,0.282101
7,T7_UAV_6,HAP_1,LEO_1,176.271642,176.10345,0.0,0.011771,0.282101
7,T7_UAV_7,BS_4,HAP_1,72.604065,72.40739,0.0,0.026762,0.349564
7,T7_UAV_9,BS_0,HAP_1,80.829806,80.632417,0.0,0.027476,0.349564
8,T8_UAV_17,BS_2,HAP_0,190.63677,190.460121,0.0,0.023455,0.265971
8,T8_UAV_18,BS_2,HAP_0,148.442287,148.283284,0.0,0.005809,0.265971
8,T8_UAV_10,BS_4,HAP_0,151.28902,151.115513,0.0,0.020313,0.265971
8,T8_UAV_14,BS_3,HAP_2,179.156737,178.969774,0.0,0.031305,0.278292
8,T8_UAV_8,BS_2,HAP_2,373.307571,373.118716,0.0,0.033197,0.278292
8,T8_UAV_1,BS_3,HAP_0,123.51401,123.345516,0.0,0.015299,0.265971
8,T8_UAV_6,HAP_1,HAP_2,129.540238,129.364339,0.0,0.02024,0.278292
8,T8_UAV_16,BS_0,HAP_2,197.186326,197.011517,0.0,0.019151,0.278292
8,T8_UAV_3,BS_3,BS_1,112.759953,112.551079,0.0,0.059779,0.245475
8,T8_UAV_5,BS_3,BS_2,161.216633,161.028607,0.0,0.046184,0.209209
8,T8_UAV_9,BS_0,BS_1,332.237841,332.07372,0.0,0.015026,0.245475
8,T8_UAV_19,BS_0,BS_2,395.504479,395.34741,0.0,0.015226,0.209209
8,T8_UAV_13,BS_4,BS_0,99.226635,99.046131,0.0,0.018883,0.308107
8,T8_UAV_15,BS_0,BS_4,326.734921,326.505876,0.0,0.063119,0.329628
8,T8_UAV_0,BS_3,BS_4,309.636734,309.440105,0.0,0.030703,0.329628
8,T8_UAV_11,BS_4,BS_3,169.804785,169.600543,0.0,0.033661,0.352907
9,T9_UAV_14,BS_3,LEO_0,206.598042,206.426319,0.0,0.015056,0.283336
9,T9_UAV_16,BS_0,LEO_0,146.000851,145.827893,0.0,0.016291,0.283336
9,T9_UAV_0,BS_3,LEO_0,239.364475,239.177471,0.0,0.030337,0.283336
9,T9_UAV_8,BS_2,LEO_0,322.843166,322.637345,0.0,0.049153,0.283336
9,T9_UAV_17,BS_2,LEO_0,290.115581,289.95242,0.0,0.006493,0.283336
9,T9_UAV_2,HAP_1,LEO_0,353.977465,353.8017,0.0,0.019098,0.283336
9,T9_UAV_10,BS_4,LEO_1,167.532663,167.336324,0.0,0.039431,0.284541
9,T9_UAV_11,BS_4,LEO_1,138.974344,138.797097,0.0,0.020339,0.284541
9,T9_UAV_18,BS_2,LEO_1,155.908223,155.707718,0.0,0.043597,0.284541
9,T9_UAV_7,BS_4,LEO_1,354.341736,354.164644,0.0,0.020184,0.284541
9,T9_UAV_3,BS_3,LEO_1,137.454721,137.271112,0.0,0.026701,0.284541
9,T9_UAV_4,BS_1,LEO_1,147.119751,146.945868,0.0,0.016975,0.284541
9,T9_UAV_13,BS_4,HAP_1,218.955666,218.738114,0.0,0.033933,0.418095
9,T9_UAV_6,HAP_1,HAP_1,162.684024,162.463761,0.0,0.036644,0.418095
9,T9_UAV_1,BS_3,HAP_1,133.104824,132.877663,0.0,0.043542,0.418095
10,T10_UAV_6,HAP_1,HAP_0,245.545563,245.371661,0.0,0.018146,0.27878
10,T10_UAV_8,BS_2,HAP_0,166.00924,165.846539,0.0,0.006944,0.27878
10,T10_UAV_16,BS_0,HAP_0,175.646802,175.465057,0.0,0.025989,0.27878
10,T10_UAV_2,HAP_1,HAP_2,464.739764,464.569698,0.0,0.014152,0.279565
10,T10_UAV_1,BS_3,HAP_2,376.913112,376.729265,0.0,0.027934,0.279565
10,T10_UAV_9,BS_0,BS_1,157.263799,157.055641,0.0,0.06743,0.203641
10,T10_UAV_17,BS_2,HAP_2,163.43713,163.273967,0.0,0.007249,0.279565
10,T10_UAV_13,BS_4,HAP_2,296.880357,296.717778,0.0,0.006666,0.279565
10,T10_UAV_7,BS_4,BS_2,266.570575,266.37078,0.0,0.032209,0.337929
10,T10_UAV_0,BS_3,BS_2,300.921113,300.687646,0.0,0.065881,0.337929
10,T10_UAV_15,BS_0,HAP_2,475.413515,475.219906,0.0,0.037696,0.279565
10,T10_UAV_11,BS_4,BS_0,219.832588,219.654398,0.0,0.011216,0.334868
10,T10_UAV_14,BS_3,BS_0,336.342604,336.129996,0.0,0.045635,0.334868
10,T10_UAV_12,BS_1,BS_4,142.044395,141.831896,0.0,0.034346,0.390768
10,T10_UAV_4,BS_1,BS_3,124.90573,124.703295,0.0,0.032106,0.351643
11,T11_UAV_5,BS_3,LEO_0,383.675673,383.480762,0.0,0.038432,0.282391
11,T11_UAV_3,BS_3,LEO_0,193.954112,193.750536,0.0,0.047098,0.282391
11,T11_UAV_12,BS_1,LEO_0,365.705867,365.532605,0.0,0.016784,0.282391
11,T11_UAV_16,BS_0,LEO_0,336.374697,336.208761,0.0,0.009458,0.282391
11,T11_UAV_4,BS_1,LEO_0,303.260545,303.067582,0.0,0.036484,0.282391
11,T11_UAV_2,HAP_1,LEO_0,374.243234,374.060182,0.0,0.026574,0.282391
11,T11_UAV_14,BS_3,LEO_1,269.523213,269.342196,0.0,0.024367,0.28325
11,T11_UAV_0,BS_3,LEO_1,138.863971,138.697301,0.0,0.01002,0.28325
11,T11_UAV_8,BS_2,LEO_1,376.400997,376.201515,0.0,0.042832,0.28325
11,T11_UAV_17,BS_2,LEO_1,246.096904,245.908878,0.0,0.031376,0.28325
11,T11_UAV_7,BS_4,LEO_1,213.046996,212.870072,0.0,0.020273,0.28325
11,T11_UAV_9,BS_0,LEO_1,305.581241,305.409273,0.0,0.015318,0.28325
11,T11_UAV_6,HAP_1,HAP_1,238.492785,238.290999,0.0,0.023176,0.393046
11,T11_UAV_1,BS_3,HAP_1,235.796652,235.557383,0.0,0.060659,0.393046
11,T11_UAV_10,BS_4,HAP_1,284.870613,284.647404,0.0,0.044599,0.393046
12,T12_UAV_15,BS_0,HAP_0,281.062971,280.873981,0.0,0.033703,0.276437
12,T12_UAV_5,BS_3,HAP_0,409.39735,409.228245,0.0,0.013818,0.276437
12,T12_UAV_9,BS_0,HAP_0,332.711376,332.529083,0.0,0.027005,0.276437
12,T12_UAV_10,BS_4,HAP_0,250.636079,250.447435,0.0,0.033356,0.276437
12,T12_UAV_8,BS_2,HAP_2,391.876481,391.712881,0.0,0.007372,0.281136
12,T12_UAV_18,BS_2,BS_2,231.567863,231.424565,0.0,0.012043,0.156273
12,T12_UAV_4,BS_1,BS_2,493.144683,492.988799,0.0,0.024629,0.156273
12,T12_UAV_3,BS_3,HAP_2,382.565646,382.371996,0.0,0.037423,0.281136
12,T12_UAV_2,HAP_1,BS_2,378.273072,378.114419,0.0,0.027398,0.156273
12,T12_UAV_7,BS_4,HAP_2,360.203143,360.040039,0.0,0.006877,0.281136
12,T12_UAV_11,BS_4,BS_1,189.147321,188.878649,0.0,0.062626,0.53023
12,T12_UAV_0,BS_3,HAP_0,252.257154,252.07582,0.0,0.026047,0.276437
12,T12_UAV_1,BS_3,HAP_2,359.08736,358.91019,0.0,0.020943,0.281136
12,T12_UAV_17,BS_2,BS_0,116.768869,116.509461,0.0,0.07317,0.431191
12,T12_UAV_6,HAP_1,BS_4,187.427491,187.238344,0.0,0.028387,0.303796
13,T13_UAV_0,BS_3,LEO_0,178.196125,178.029799,0.0,0.00977,0.282785
13,T13_UAV_19,BS_0,LEO_0,202.047151,201.859026,0.0,0.031568,0.282785
13,T13_UAV_2,HAP_1,LEO_0,435.43265,435.246557,0.0,0.029536,0.282785
13,T13_UAV_13,BS_4,LEO_0,348.925123,348.76178,0.0,0.006786,0.282785
13,T13_UAV_14,BS_3,LEO_0,456.233273,456.065526,0.0,0.01119,0.282785
13,T13_UAV_6,HAP_1,LEO_0,175.600685,175.42668,0.0,0.017449,0.282785
13,T13_UAV_16,BS_0,LEO_0,121.614729,121.451756,0.0,0.006416,0.282785
13,T13_UAV_8,BS_2,LEO_1,279.573787,279.377594,0.0,0.040782,0.277058
13,T13_UAV_12,BS_1,LEO_1,398.402139,398.219118,0.0,0.027609,0.277058
13,T13_UAV_3,BS_3,LEO_1,246.746471,246.585068,0.0,0.005992,0.277058
13,T13_UAV_9,BS_0,LEO_1,168.391879,168.202562,0.0,0.033906,0.277058
13,T13_UAV_1,BS_3,LEO_1,298.718407,298.526083,0.0,0.036912,0.277058
13,T13_UAV_7,BS_4,LEO_1,339.74337,339.574268,0.0,0.01369,0.277058
13,T13_UAV_4,BS_1,LEO_1,402.637628,402.474607,0.0,0.00761,0.277058
13,T13_UAV_17,BS_2,HAP_1,278.063385,277.833492,0.0,0.044786,0.425533
13,T13_UAV_15,BS_0,HAP_1,214.919289,214.717428,0.0,0.016755,0.425533
13,T13_UAV_5,BS_3,HAP_1,289.872158,289.671327,0.0,0.015724,0.425533
13,T13_UAV_10,BS_4,BS_3,176.248873,176.046385,0.0,0.030396,0.360463
14,T14_UAV_13,BS_4,HAP_2,140.454467,140.273135,0.0,0.027384,0.269738
14,T14_UAV_2,HAP_1,HAP_2,226.415014,226.233165,0.0,0.027902,0.269738
14,T14_UAV_10,BS_4,HAP_2,194.258368,194.086987,0.0,0.017434,0.269738
14,T14_UAV_12,BS_2,HAP_2,237.621982,237.443028,0.0,0.025006,0.269738
14,T14_UAV_14,BS_3,HAP_2,368.402677,368.222077,0.0,0.026653,0.269738
14,T14_UAV_9,BS_0,HAP_0,317.115694,316.932323,0.0,0.02746,0.279557
14,T14_UAV_7,BS_4,HAP_0,389.016436,388.832585,0.0,0.02794,0.279557
14,T14_UAV_6,HAP_1,HAP_0,312.758394,312.575253,0.0,0.027229,0.279557
14,T14_UAV_1,BS_3,HAP_0,263.962565,263.784986,0.0,0.021668,0.279557
14,T14_UAV_18,BS_2,BS_1,81.433608,81.209714,0.0,0.054047,0.349241
14,T14_UAV_4,BS_1,BS_2,127.796796,127.613115,0.0,0.021913,0.308835
14,T14_UAV_5,BS_3,BS_0,103.113707,102.919562,0.0,0.051209,0.214681
14,T14_UAV_0,BS_3,BS_4,105.278372,105.074574,0.0,0.03702,0.333893
15,T15_UAV_4,BS_1,LEO_0,327.473116,327.280179,0.0,0.03659,0.281737
15,T15_UAV_14,BS_3,LEO_0,129.06659,128.888673,0.0,0.02157,0.281737
15,T15_UAV_17,BS_2,LEO_0,322.48167,322.317903,0.0,0.00742,0.281737
15,T15_UAV_5,BS_3,LEO_0,331.390265,331.221626,0.0,0.012292,0.281737
15,T15_UAV_6,HAP_1,LEO_0,128.380002,128.179663,0.0,0.043992,0.281737
15,T15_UAV_7,BS_4,LEO_0,193.861204,193.685543,0.0,0.019314,0.281737
15,T15_UAV_13,BS_4,LEO_0,139.759407,139.574561,0.0,0.028499,0.281737
15,T15_UAV_19,BS_0,LEO_1,105.047606,104.848731,0.0,0.043158,0.278588
15,T15_UAV_16,BS_0,LEO_1,135.536277,135.357009,0.0,0.023551,0.278588
15,T15_UAV_2,HAP_1,LEO_1,90.918045,90.720925,0.0,0.041403,0.278588
15,T15_UAV_11,BS_4,LEO_1,173.144257,172.942804,0.0,0.045736,0.278588
15,T15_UAV_15,BS_0,LEO_1,222.281387,222.090514,0.0,0.035156,0.278588
15,T15_UAV_8,BS_2,HAP_1,267.581846,267.324987,0.0,0.068737,0.440611
15,T15_UAV_18,BS_2,HAP_1,197.331486,197.092651,0.0,0.050713,0.440611
15,T15_UAV_10,BS_4,HAP_1,162.923029,162.709509,0.0,0.025398,0.440611
15,T15_UAV_0,BS_3,BS_3,154.052194,153.837753,0.0,0.041385,0.365277
16,T16_UAV_17,BS_2,HAP_0,140.106881,139.936339,0.0,0.016892,0.268254
16,T16_UAV_13,BS_4,HAP_0,307.668575,307.496837,0.0,0.018087,0.268254
16,T16_UAV_9,BS_0,HAP_0,301.217169,301.053521,0.0,0.009998,0.268254
16,T16_UAV_11,BS_4,HAP_2,114.369539,114.208582,0.0,0.006418,0.272696
16,T16_UAV_12,BS_2,HAP_2,218.290732,218.101474,0.0,0.034719,0.272696
16,T16_UAV_2,HAP_1,HAP_2,119.957879,119.7791,0.0,0.024239,0.272696
16,T16_UAV_8,BS_2,HAP_2,111.967776,111.775754,0.0,0.037483,0.272696
16,T16_UAV_4,BS_1,HAP_0,365.010862,364.840389,0.0,0.016823,0.268254
16,T16_UAV_7,BS_4,BS_1,320.59137,320.376125,0.0,0.027885,0.436802
16,T16_UAV_15,BS_0,BS_2,74.772819,74.591707,0.0,0.028614,0.262492
16,T16_UAV_16,BS_0,BS_1,291.300169,291.097093,0.0,0.015716,0.436802
16,T16_UAV_18,BS_2,BS_0,132.502907,132.305146,0.0,0.03822,0.297707
16,T16_UAV_6,HAP_1,BS_4,155.163679,154.964735,0.0,0.019567,0.396886
17,T17_UAV_0,BS_3,LEO_0,86.598214,86.427142,0.0,0.016441,0.273157
17,T17_UAV_13,BS_4,LEO_0,105.937597,105.749836,0.0,0.033129,0.273157
17,T17_UAV_12,BS_2,LEO_0,266.198254,266.026811,0.0,0.016813,0.273157
17,T17_UAV_15,BS_0,LEO_0,119.286004,119.125277,0.0,0.006096,0.273157
17,T17_UAV_19,BS_0,LEO_0,216.110602,215.936825,0.0,0.019145,0.273157
17,T17_UAV_9,BS_0,LEO_1,292.984336,292.807736,0.0,0.021412,0.275941
17,T17_UAV_5,BS_3,LEO_1,118.198005,118.002303,0.0,0.040513,0.275941
17,T17_UAV_1,BS_3,LEO_1,123.855363,123.669819,0.0,0.030356,0.275941
17,T17_UAV_4,BS_1,LEO_1,163.969652,163.797174,0.0,0.01729,0.275941
17,T17_UAV_17,BS_2,LEO_1,164.467598,164.267788,0.0,0.044622,0.275941
17,T17_UAV_18,BS_2,HAP_1,237.853547,237.634079,0.0,0.034748,0.423597
17,T17_UAV_3,BS_3,HAP_1,243.400234,243.149527,0.0,0.065987,0.423597
17,T17_UAV_16,BS_0,HAP_1,278.627004,278.414442,0.0,0.027843,0.423597
17,T17_UAV_8,BS_2,BS_3,174.836595,174.646364,0.0,0.040018,0.251067
18,T18_UAV_18,BS_2,HAP_2,258.669489,258.491024,0.0,0.022885,0.277902
18,T18_UAV_19,BS_0,HAP_2,216.55144,216.375178,0.0,0.020682,0.277902
18,T18_UAV_4,BS_1,HAP_2,140.482964,140.29215,0.0,0.035234,0.277902
18,T18_UAV_17,BS_2,HAP_2,353.100402,352.905679,0.0,0.039143,0.277902
18,T18_UAV_0,BS_3,HAP_0,266.643605,266.474081,0.0,0.014651,0.274363
18,T18_UAV_13,BS_4,HAP_0,362.318328,362.135973,0.0,0.027482,0.274363
18,T18_UAV_11,BS_4,HAP_0,264.824466,264.657314,0.0,0.01228,0.274363
18,T18_UAV_15,BS_0,BS_4,199.49153,199.272316,0.0,0.063731,0.277412
18,T18_UAV_6,HAP_1,HAP_0,114.342985,114.170181,0.0,0.017932,0.274363
18,T18_UAV_1,BS_3,BS_1,264.802628,264.566375,0.0,0.053982,0.411356
18,T18_UAV_12,BS_2,BS_1,351.830546,351.624451,0.0,0.023824,0.411356
18,T18_UAV_2,HAP_1,BS_2,133.36787,133.169739,0.0,0.015173,0.414788
18,T18_UAV_5,BS_3,BS_0,109.094407,108.848809,0.0,0.078094,0.337517
19,T19_UAV_11,BS_4,LEO_0,160.2789,160.106208,0.0,0.018917,0.268875
19,T19_UAV_4,BS_1,LEO_0,322.026171,321.863585,0.0,0.008812,0.268875
19,T19_UAV_16,BS_0,LEO_0,269.405204,269.245449,0.0,0.005979,0.268875
19,T19_UAV_14,BS_3,LEO_0,339.066546,338.882623,0.0,0.030148,0.268875
19,T19_UAV_12,BS_2,LEO_0,122.197204,122.034909,0.0,0.00852,0.268875
19,T19_UAV_6,HAP_1,LEO_1,102.345409,102.174194,0.0,0.015762,0.277266
19,T19_UAV_17,BS_2,LEO_0,142.978401,142.799219,0.0,0.025407,0.268875
19,T19_UAV_10,BS_4,LEO_1,182.937452,182.770422,0.0,0.011577,0.277266
19,T19_UAV_5,BS_3,LEO_1,197.147036,196.968652,0.0,0.022931,0.277266
19,T19_UAV_1,BS_3,LEO_1,143.94122,143.755366,0.0,0.030402,0.277266
19,T19_UAV_13,BS_4,LEO_1,163.858553,163.676442,0.0,0.026658,0.277266
19,T19_UAV_3,BS_3,LEO_1,129.869399,129.703935,0.0,0.010011,0.277266
19,T19_UAV_19,BS_0,HAP_1,204.60372,204.377446,0.0,0.046976,0.396492
19,T19_UAV_7,BS_4,HAP_1,143.054094,142.839955,0.0,0.034841,0.396492
19,T19_UAV_8,BS_2,BS_3,137.978879,137.807311,0.0,0.013615,0.289761
19,T19_UAV_2,HAP_1,HAP_1,290.5437,290.324213,0.0,0.040188,0.396492
20,T20_UAV_14,BS_3,HAP_2,101.354419,101.185853,0.0,0.013511,0.275275
20,T20_UAV_10,BS_4,HAP_2,118.170741,118.000647,0.0,0.015039,0.275275
20,T20_UAV_9,BS_0,HAP_2,197.337722,197.160557,0.0,0.02211,0.275275
20,T20_UAV_7,BS_4,HAP_0,81.712028,81.536847,0.0,0.019474,0.278533
20,T20_UAV_3,BS_3,HAP_0,88.713877,88.541528,0.0,0.016642,0.278533
20,T20_UAV_1,BS_3,HAP_0,222.629156,222.465691,0.0,0.007759,0.278533
20,T20_UAV_11,BS_4,BS_1,89.617776,89.392794,0.0,0.035362,0.448102
20,T20_UAV_17,BS_2,HAP_2,341.707005,341.52359,0.0,0.02836,0.275275
20,T20_UAV_18,BS_2,BS_2,119.931189,119.731706,0.0,0.03527,0.321068
20,T20_UAV_15,BS_0,BS_0,178.004357,177.790871,0.0,0.023016,0.452353
20,T20_UAV_13,BS_4,BS_4,168.921116,168.708738,0.0,0.051021,0.306789
21,T21_UAV_13,BS_4,LEO_0,316.584104,316.416903,0.0,0.011934,0.276338
21,T21_UAV_16,BS_0,LEO_0,408.08741,407.914287,0.0,0.017855,0.276338
21,T21_UAV_7,BS_4,LEO_0,250.875924,250.710858,0.0,0.009798,0.276338
21,T21_UAV_10,BS_4,LEO_0,456.924948,456.735995,0.0,0.033686,0.276338
21,T21_UAV_5,BS_3,LEO_0,185.59014,185.424929,0.0,0.009944,0.276338
21,T21_UAV_2,HAP_1,LEO_0,356.74568,356.556868,0.0,0.033545,0.276338
21,T21_UAV_0,BS_3,LEO_1,133.847142,133.685292,0.0,0.006062,0.278938
21,T21_UAV_15,BS_0,LEO_1,121.617532,121.45485,0.0,0.006895,0.278938
21,T21_UAV_19,BS_0,LEO_1,168.534282,168.366924,0.0,0.011571,0.278938
21,T21_UAV_6,HAP_1,LEO_1,154.058792,153.874985,0.0,0.02802,0.278938
21,T21_UAV_8,BS_2,LEO_0,441.03583,440.871527,0.0,0.009036,0.276338
21,T21_UAV_9,BS_0,LEO_1,279.525047,279.343471,0.0,0.025789,0.278938
21,T21_UAV_18,BS_2,HAP_1,254.820813,254.625387,0.0,0.021221,0.371024
21,T21_UAV_1,BS_3,HAP_1,298.169863,297.935702,0.0,0.059957,0.371024
21,T21_UAV_17,BS_2,HAP_1,192.524755,192.313769,0.0,0.036781,0.371024
21,T21_UAV_12,BS_2,BS_3,149.926817,149.711195,0.0,0.048136,0.337428
22,T22_UAV_15,BS_0,HAP_0,160.266933,160.086261,0.0,0.027875,0.263983
22,T22_UAV_11,BS_4,HAP_0,157.254248,157.079563,0.0,0.021889,0.263983
22,T22_UAV_6,HAP_1,HAP_0,153.040893,152.87418,0.0,0.013916,0.263983
22,T22_UAV_9,BS_0,HAP_0,359.07708,358.915342,0.0,0.008942,0.263983
22,T22_UAV_12,BS_2,HAP_2,333.584639,333.400668,0.0,0.028235,0.278678
22,T22_UAV_7,BS_4,HAP_2,328.300121,328.136883,0.0,0.007502,0.278678
22,T22_UAV_2,HAP_1,HAP_2,488.863943,488.690851,0.0,0.017356,0.278678
22,T22_UAV_5,BS_3,HAP_2,476.120984,475.930404,0.0,0.034844,0.278678
22,T22_UAV_1,BS_3,BS_2,387.870488,387.704071,0.0,0.015029,0.256938
22,T22_UAV_0,BS_3,HAP_2,228.147826,227.984856,0.0,0.007234,0.278678
22,T22_UAV_4,BS_1,BS_1,274.423141,274.20124,0.0,0.043049,0.394258
22,T22_UAV_14,BS_3,BS_1,139.805102,139.594819,0.0,0.031431,0.394258
22,T22_UAV_19,BS_0,BS_0,58.900577,58.686785,0.0,0.063823,0.249845
22,T22_UAV_8,BS_2,BS_2,271.619123,271.443283,0.0,0.024452,0.256938
22,T22_UAV_18,BS_2,BS_4,169.747795,169.497976,0.0,0.063039,0.433903
23,T23_UAV_18,BS_2,LEO_0,245.274132,245.084261,0.0,0.033599,0.28136
23,T23_UAV_14,BS_3,LEO_0,150.350485,150.152392,0.0,0.041821,0.28136
23,T23_UAV_12,BS_2,LEO_0,128.176852,128.009537,0.0,0.011043,0.28136
23,T23_UAV_4,BS_1,LEO_0,219.622449,219.441532,0.0,0.024646,0.28136
23,T23_UAV_11,BS_4,LEO_0,419.241792,419.068691,0.0,0.016829,0.28136
23,T23_UAV_15,BS_0,LEO_0,343.227692,343.054224,0.0,0.017197,0.28136
23,T23_UAV_13,BS_4,LEO_1,235.064863,234.899339,0.0,0.00978,0.278718
23,T23_UAV_5,BS_3,LEO_0,170.019211,169.832683,0.0,0.030255,0.28136
23,T23_UAV_2,HAP_1,LEO_1,143.901832,143.739051,0.0,0.007037,0.278718
23,T23_UAV_19,BS_0,LEO_1,104.710752,104.538856,0.0,0.016152,0.278718
23,T23_UAV_17,BS_2,LEO_1,135.320827,135.129016,0.0,0.036068,0.278718
23,T23_UAV_6,HAP_1,LEO_1,308.433588,308.271104,0.0,0.00674,0.278718
23,T23_UAV_8,BS_2,LEO_1,399.048168,398.862375,0.0,0.030049,0.278718
23,T23_UAV_16,BS_0,HAP_1,287.065573,286.862984,0.0,0.018711,0.419392
23,T23_UAV_0,BS_3,HAP_1,282.784485,282.550702,0.0,0.049905,0.419392
23,T23_UAV_3,BS_3,HAP_1,262.773793,262.561368,0.0,0.028546,0.419392
24,T24_UAV_6,HAP_1,HAP_0,111.482529,111.322167,0.0,0.007194,0.26584
24,T24_UAV_15,BS_0,HAP_0,281.332185,281.160295,0.0,0.018723,0.26584
24,T24_UAV_17,BS_2,HAP_0,222.408408,222.242345,0.0,0.012895,0.26584
24,T24_UAV_11,BS_4,HAP_2,244.108114,243.921547,0.0,0.030223,0.281721
24,T24_UAV_18,BS_2,HAP_2,290.681763,290.500383,0.0,0.025037,0.281721
24,T24_UAV_19,BS_0,HAP_2,290.270003,290.067357,0.0,0.046302,0.281721
24,T24_UAV_3,BS_3,HAP_0,103.418673,103.234131,0.0,0.031374,0.26584
24,T24_UAV_2,HAP_1,BS_1,112.663428,112.422965,0.0,0.062088,0.39188
24,T24_UAV_16,BS_0,BS_1,125.200624,124.99226,0.0,0.029988,0.39188
24,T24_UAV_0,BS_3,BS_2,73.256879,73.085081,0.0,0.009751,0.310232
24,T24_UAV_13,BS_4,BS_0,57.766512,57.559176,0.0,0.046169,0.305835
24,T24_UAV_1,BS_3,BS_4,82.853832,82.684886,0.0,0.017204,0.25871
24,T24_UAV_14,BS_3,BS_3,84.513722,84.294182,0.0,0.050663,0.344384
25,T25_UAV_2,HAP_1,LEO_0,243.496222,243.306577,0.0,0.032819,0.284136
25,T25_UAV_11,BS_4,LEO_0,453.599588,453.415827,0.0,0.026934,0.284136
25,T25_UAV_13,BS_4,LEO_0,339.848518,339.659429,0.0,0.032261,0.284136
25,T25_UAV_10,BS_4,LEO_0,173.602041,173.420812,0.0,0.024402,0.284136
25,T25_UAV_12,BS_2,LEO_0,207.93327,207.74264,0.0,0.033802,0.284136
25,T25_UAV_15,BS_0,LEO_0,213.241983,213.055259,0.0,0.029897,0.284136
25,T25_UAV_7,BS_4,LEO_1,72.014632,71.832077,0.0,0.027449,0.275529
25,T25_UAV_0,BS_3,LEO_1,87.611897,87.420749,0.0,0.036042,0.275529
25,T25_UAV_9,BS_0,LEO_0,432.844373,432.667478,0.0,0.020067,0.284136
25,T25_UAV_16,BS_0,LEO_1,75.110349,74.938627,0.0,0.016616,0.275529
25,T25_UAV_19,BS_0,LEO_1,202.459222,202.294178,0.0,0.009938,0.275529
25,T25_UAV_1,BS_3,HAP_1,225.113429,224.882335,0.0,0.051111,0.399915
25,T25_UAV_5,BS_3,HAP_1,178.46385,178.253163,0.0,0.030704,0.399915
25,T25_UAV_3,BS_3,HAP_1,294.91669,294.655821,0.0,0.080886,0.399915
26,T26_UAV_15,BS_0,HAP_2,121.598705,121.421055,0.0,0.022582,0.275341
26,T26_UAV_9,BS_0,HAP_2,277.260708,277.089272,0.0,0.016368,0.275341
26,T26_UAV_0,BS_3,HAP_0,352.671938,352.499057,0.0,0.018649,0.271162
26,T26_UAV_10,BS_4,HAP_0,389.609009,389.426585,0.0,0.028192,0.271162
26,T26_UAV_19,BS_0,HAP_2,104.925959,104.73805,0.0,0.032841,0.275341
26,T26_UAV_11,BS_4,HAP_0,167.081355,166.900836,0.0,0.026287,0.271162
26,T26_UAV_1,BS_3,HAP_2,259.715702,259.55143,0.0,0.009203,0.275341
26,T26_UAV_4,BS_1,HAP_0,355.091616,354.915544,0.0,0.02184,0.271162
26,T26_UAV_12,BS_2,BS_1,67.087728,66.890223,0.0,0.018105,0.396999
26,T26_UAV_8,BS_2,BS_2,68.511675,68.309893,0.0,0.051279,0.252515
26,T26_UAV_16,BS_0,BS_0,78.740105,78.526312,0.0,0.045481,0.341562
26,T26_UAV_3,BS_3,BS_4,178.068297,177.879073,0.0,0.028693,0.302651
26,T26_UAV_17,BS_2,BS_3,161.726243,161.540642,0.0,0.013291,0.361551
27,T27_UAV_0,BS_3,LEO_0,336.497269,336.321788,0.0,0.020291,0.275945
27,T27_UAV_3,BS_3,LEO_0,190.099721,189.919847,0.0,0.024685,0.275945
27,T27_UAV_12,BS_2,LEO_0,328.904855,328.733729,0.0,0.015937,0.275945
27,T27_UAV_5,BS_3,LEO_0,120.057251,119.861483,0.0,0.040579,0.275945
27,T27_UAV_15,BS_0,LEO_0,257.562789,257.363417,0.0,0.044183,0.275945
27,T27_UAV_11,BS_4,LEO_0,135.669141,135.486669,0.0,0.027282,0.275945
27,T27_UAV_13,BS_4,LEO_0,392.661837,392.48941,0.0,0.017238,0.275945
27,T27_UAV_4,BS_1,LEO_1,317.931671,317.737282,0.0,0.040951,0.267186
27,T27_UAV_1,BS_3,LEO_1,341.535973,341.361433,0.0,0.021103,0.267186
27,T27_UAV_2,HAP_1,LEO_1,373.719365,373.533316,0.0,0.032612,0.267186
27,T27_UAV_8,BS_2,LEO_1,365.799343,365.615867,0.0,0.030039,0.267186
27,T27_UAV_19,BS_0,LEO_1,197.15582,196.992189,0.0,0.010194,0.267186
27,T27_UAV_17,BS_2,LEO_1,240.561135,240.388282,0.0,0.019416,0.267186
27,T27_UAV_10,BS_4,HAP_1,96.076329,95.865896,0.0,0.017048,0.466926
28,T28_UAV_19,BS_0,HAP_0,123.570619,123.387164,0.0,0.028971,0.27242
28,T28_UAV_12,BS_2,HAP_0,169.423174,169.24076,0.0,0.02793,0.27242
28,T28_UAV_11,BS_4,HAP_0,328.900151,328.708891,0.0,0.036775,0.27242
28,T28_UAV_1,BS_3,HAP_0,219.283258,219.096241,0.0,0.032533,0.27242
28,T28_UAV_5,BS_3,HAP_2,236.865516,236.700765,0.0,0.009136,0.278081
28,T28_UAV_13,BS_4,HAP_2,148.564546,148.398559,0.0,0.010371,0.278081
28,T28_UAV_9,BS_0,HAP_2,140.425168,140.249847,0.0,0.019705,0.278081
28,T28_UAV_4,BS_1,HAP_2,273.068838,272.884352,0.0,0.02887,0.278081
28,T28_UAV_0,BS_3,HAP_1,251.008527,250.751747,0.0,0.071033,0.428737
28,T28_UAV_8,BS_2,HAP_1,301.292018,301.051069,0.0,0.055202,0.428737
28,T28_UAV_18,BS_2,HAP_1,292.557446,292.35392,0.0,0.017779,0.428737
28,T28_UAV_15,BS_0,BS_1,58.243948,58.039499,0.0,0.013056,0.456967
28,T28_UAV_17,BS_2,HAP_1,306.281612,306.077208,0.0,0.018657,0.428737
28,T28_UAV_16,BS_0,BS_2,93.335739,93.154924,0.0,0.019531,0.306413
28,T28_UAV_3,BS_3,BS_0,159.806048,159.605762,0.0,0.049728,0.252787
28,T28_UAV_2,HAP_1,BS_4,147.819043,147.582493,0.0,0.042719,0.469153
29,T29_UAV_9,BS_0,LEO_0,149.242588,149.065683,0.0,0.022076,0.274146
29,T29_UAV_15,BS_0,LEO_0,203.906219,203.730861,0.0,0.020529,0.274146
29,T29_UAV_17,BS_2,LEO_0,247.638229,247.450861,0.0,0.032539,0.274146
29,T29_UAV_12,BS_2,LEO_0,269.582652,269.392313,0.0,0.03551,0.274146
29,T29_UAV_8,BS_2,LEO_0,316.573765,316.401536,0.0,0.017401,0.274146
29,T29_UAV_5,BS_3,LEO_1,147.972457,147.803351,0.0,0.01599,0.265583
29,T29_UAV_6,HAP_1,LEO_1,178.559049,178.388604,0.0,0.017328,0.265583
29,T29_UAV_19,BS_0,LEO_1,174.669416,174.488972,0.0,0.027327,0.265583
29,T29_UAV_10,BS_4,LEO_1,155.299723,155.131509,0.0,0.015098,0.265583
29,T29_UAV_18,BS_2,LEO_1,216.650349,216.487647,0.0,0.009585,0.265583
29,T29_UAV_14,BS_3,LEO_1,142.885268,142.725058,0.0,0.007093,0.265583
29,T29_UAV_2,HAP_1,HAP_1,33.197099,32.994317,0.0,0.015194,0.437937
29,T29_UAV_0,BS_3,LEO_1,357.506402,357.321236,0.0,0.032049,0.265583
29,T29_UAV_1,BS_3,BS_3,233.772662,233.595114,0.0,0.011809,0.328695
29,T29_UAV_13,BS_4,BS_3,256.805162,256.591332,0.0,0.048091,0.328695
29,T29_UAV_4,BS_1,BS_0,149.493032,149.322673,0.0,0.012671,0.288445
30,T30_UAV_16,BS_0,HAP_2,389.352316,389.184574,0.0,0.012772,0.274855
30,T30_UAV_6,HAP_1,HAP_0,421.45535,421.268812,0.0,0.030764,0.278864
30,T30_UAV_3,BS_3,HAP_2,352.690399,352.512099,0.0,0.023329,0.274855
30,T30_UAV_12,BS_2,HAP_2,419.823976,419.653805,0.0,0.0152,0.274855
30,T30_UAV_7,BS_4,HAP_2,468.224861,468.058621,0.0,0.011269,0.274855
30,T30_UAV_18,BS_2,HAP_2,368.449639,368.288516,0.0,0.006152,0.274855
30,T30_UAV_11,BS_4,HAP_0,359.277559,359.103878,0.0,0.017908,0.278864
30,T30_UAV_15,BS_0,HAP_0,176.194573,176.005241,0.0,0.033559,0.278864
30,T30_UAV_2,HAP_1,HAP_0,277.791352,277.626196,0.0,0.009384,0.278864
30,T30_UAV_8,BS_2,HAP_1,106.776204,106.533494,0.0,0.061939,0.403857
30,T30_UAV_5,BS_3,HAP_0,499.612391,499.44901,0.0,0.007607,0.278864
30,T30_UAV_9,BS_0,HAP_1,152.206961,151.981254,0.0,0.044935,0.403857
30,T30_UAV_19,BS_0,BS_1,139.58346,139.396868,0.0,0.015976,0.35308
30,T30_UAV_17,BS_2,BS_2,194.672094,194.469427,0.0,0.034654,0.340061
30,T30_UAV_0,BS_3,BS_4,143.437661,143.254628,0.0,0.03217,0.254316
31,T31_UAV_18,BS_2,LEO_0,195.655084,195.474577,0.0,0.025621,0.274431
31,T31_UAV_4,BS_1,LEO_0,127.60049,127.420198,0.0,0.025406,0.274431
31,T31_UAV_3,BS_3,LEO_0,122.168159,122.005971,0.0,0.007302,0.274431
31,T31_UAV_16,BS_0,LEO_0,258.954343,258.782101,0.0,0.017356,0.274431
31,T31_UAV_5,BS_3,LEO_0,156.704583,156.519743,0.0,0.029954,0.274431
31,T31_UAV_0,BS_3,LEO_0,152.24285,152.077614,0.0,0.01035,0.274431
31,T31_UAV_8,BS_2,LEO_1,334.711099,334.541354,0.0,0.015377,0.271842
31,T31_UAV_14,BS_3,LEO_1,369.269971,369.098937,0.0,0.016666,0.271842
31,T31_UAV_10,BS_4,LEO_1,296.336657,296.157002,0.0,0.025287,0.271842
31,T31_UAV_6,HAP_1,LEO_1,197.157082,196.969113,0.0,0.0336,0.271842
31,T31_UAV_9,BS_0,LEO_1,276.91096,276.740939,0.0,0.015653,0.271842
31,T31_UAV_13,BS_4,LEO_1,196.065932,195.884813,0.0,0.026751,0.271842
31,T31_UAV_15,BS_0,LEO_1,423.907564,423.734888,0.0,0.018307,0.271842
31,T31_UAV_19,BS_0,HAP_1,82.955513,82.691075,0.0,0.083346,0.405458
32,T32_UAV_3,BS_3,HAP_0,137.177899,136.986643,0.0,0.036531,0.273622
32,T32_UAV_18,BS_2,HAP_0,320.32973,320.1334,0.0,0.041605,0.273622
32,T32_UAV_19,BS_0,HAP_0,225.096301,224.932542,0.0,0.009035,0.273622
32,T32_UAV_10,BS_4,HAP_0,190.657369,190.475977,0.0,0.026668,0.273622
32,T32_UAV_0,BS_3,HAP_2,305.427268,305.234753,0.0,0.037743,0.273859
32,T32_UAV_1,BS_3,HAP_2,309.444729,309.250593,0.0,0.039364,0.273859
32,T32_UAV_16,BS_0,HAP_2,130.287731,130.126992,0.0,0.005968,0.273859
32,T32_UAV_2,HAP_1,HAP_1,97.650642,97.404015,0.0,0.060567,0.430303
32,T32_UAV_7,BS_4,HAP_2,319.000087,318.827689,0.0,0.017626,0.273859
32,T32_UAV_17,BS_2,HAP_1,80.020571,79.770465,0.0,0.064045,0.430303
32,T32_UAV_13,BS_4,BS_1,99.126529,98.935954,0.0,0.014243,0.381661
32,T32_UAV_6,HAP_1,BS_2,101.077301,100.878042,0.0,0.053712,0.227737
32,T32_UAV_4,BS_1,BS_0,140.876304,140.678032,0.0,0.028896,0.346878
32,T32_UAV_14,BS_3,BS_4,177.433624,177.270045,0.0,0.010742,0.264182
32,T32_UAV_15,BS_0,BS_3,197.188878,196.975744,0.0,0.043181,0.349763
33,T33_UAV_15,BS_0,LEO_0,159.316949,159.132239,0.0,0.029194,0.277576
33,T33_UAV_18,BS_2,LEO_0,171.496614,171.333154,0.0,0.007945,0.277576
33,T33_UAV_16,BS_0,LEO_0,203.44081,203.264519,0.0,0.020775,0.277576
33,T33_UAV_0,BS_3,LEO_0,92.244929,92.055712,0.0,0.033701,0.277576
33,T33_UAV_3,BS_3,LEO_0,86.216399,86.043683,0.0,0.017201,0.277576
33,T33_UAV_11,BS_4,LEO_1,261.782392,261.583945,0.0,0.042334,0.280563
33,T33_UAV_7,BS_4,LEO_1,386.674537,386.507615,0.0,0.010809,0.280563
33,T33_UAV_17,BS_2,LEO_1,143.577338,143.403838,0.0,0.017388,0.280563
33,T33_UAV_2,HAP_1,LEO_1,313.139856,312.970323,0.0,0.013421,0.280563
33,T33_UAV_14,BS_3,LEO_1,399.492858,399.302262,0.0,0.034484,0.280563
33,T33_UAV_13,BS_4,LEO_1,232.977878,232.799713,0.0,0.022052,0.280563
33,T33_UAV_8,BS_2,HAP_1,76.765106,76.573881,0.0,0.013459,0.388826
34,T34_UAV_12,BS_2,HAP_0,247.16333,246.994345,0.0,0.015006,0.269894
34,T34_UAV_4,BS_1,HAP_0,427.64543,427.472276,0.0,0.019175,0.269894
34,T34_UAV_5,BS_3,HAP_0,168.785004,168.600965,0.0,0.03006,0.269894
34,T34_UAV_7,BS_4,HAP_0,147.467873,147.307478,0.0,0.006416,0.269894
34,T34_UAV_14,BS_3,HAP_0,130.346812,130.181764,0.0,0.011069,0.269894
34,T34_UAV_10,BS_4,HAP_2,326.240994,326.074708,0.0,0.010883,0.277013
34,T34_UAV_6,HAP_1,HAP_2,261.857939,261.694925,0.0,0.007611,0.277013
34,T34_UAV_1,BS_3,HAP_2,166.080369,165.91217,0.0,0.012796,0.277013
34,T34_UAV_17,BS_2,HAP_2,249.223459,249.040277,0.0,0.02778,0.277013
34,T34_UAV_11,BS_4,HAP_1,144.734444,144.522253,0.0,0.024456,0.438674
34,T34_UAV_9,BS_0,HAP_1,166.198994,165.944168,0.0,0.067091,0.438674
34,T34_UAV_13,BS_4,BS_1,169.382814,169.139054,0.0,0.060766,0.414971
34,T34_UAV_0,BS_3,BS_2,162.307408,162.071644,0.0,0.047588,0.440881
35,T35_UAV_11,BS_4,LEO_0,107.837987,107.671414,0.0,0.010192,0.281902
35,T35_UAV_1,BS_3,LEO_0,157.446533,157.260498,0.0,0.029655,0.281902
35,T35_UAV_7,BS_4,LEO_0,294.806027,294.626101,0.0,0.023545,0.281902
35,T35_UAV_9,BS_0,LEO_0,220.559431,220.379805,0.0,0.023246,0.281902
35,T35_UAV_2,HAP_1,LEO_0,292.9337,292.749418,0.0,0.027901,0.281902
35,T35_UAV_15,BS_0,LEO_0,341.858132,341.682797,0.0,0.018955,0.281902
35,T35_UAV_12,BS_2,LEO_1,234.860948,234.662059,0.0,0.043761,0.275638
35,T35_UAV_17,BS_2,BS_0,68.175021,67.994375,0.0,0.049143,0.157512
35,T35_UAV_14,BS_3,LEO_1,127.229315,127.062512,0.0,0.011676,0.275638
35,T35_UAV_10,BS_4,LEO_1,214.256083,214.069665,0.0,0.03129,0.275638
35,T35_UAV_0,BS_3,LEO_1,200.737613,200.543431,0.0,0.039054,0.275638
35,T35_UAV_13,BS_4,HAP_1,74.798234,74.572527,0.0,0.03201,0.468482
35,T35_UAV_6,HAP_1,HAP_1,65.666434,65.437018,0.0,0.03572,0.468482
35,T35_UAV_5,BS_3,BS_4,72.578636,72.398691,0.0,0.014765,0.3259
35,T35_UAV_18,BS_2,BS_3,133.359518,133.171761,0.0,0.017371,0.351929
36,T36_UAV_19,BS_0,HAP_2,126.521761,126.349429,0.0,0.019351,0.264901
36,T36_UAV_1,BS_3,HAP_2,236.757719,236.58732,0.0,0.017418,0.264901
36,T36_UAV_17,BS_2,HAP_2,252.245259,252.080912,0.0,0.011367,0.264901
36,T36_UAV_8,BS_2,HAP_0,157.151237,156.958221,0.0,0.037484,0.277658
36,T36_UAV_7,BS_4,HAP_0,166.317779,166.145097,0.0,0.01715,0.277658
36,T36_UAV_18,BS_2,HAP_2,230.175283,230.001808,0.0,0.020495,0.264901
36,T36_UAV_13,BS_4,HAP_0,128.909827,128.743621,0.0,0.010675,0.277658
36,T36_UAV_11,BS_4,BS_1,477.799229,477.591756,0.0,0.029627,0.389232
36,T36_UAV_14,BS_3,HAP_1,170.563103,170.314758,0.0,0.050752,0.487965
36,T36_UAV_12,BS_2,BS_1,526.128373,525.937244,0.0,0.013282,0.389232
36,T36_UAV_15,BS_0,HAP_1,234.131635,233.905867,0.0,0.028176,0.487965
36,T36_UAV_10,BS_4,HAP_1,254.554388,254.300039,0.0,0.056756,0.487965
36,T36_UAV_4,BS_1,BS_1,596.971732,596.751277,0.0,0.042608,0.389232
36,T36_UAV_3,BS_3,BS_2,81.662742,81.486124,0.0,0.014751,0.309336
37,T37_UAV_5,HAP_1,LEO_0,173.468342,173.298616,0.0,0.01334,0.281929
37,T37_UAV_7,BS_4,LEO_0,146.335378,146.141207,0.0,0.037786,0.281929
37,T37_UAV_0,BS_3,LEO_0,357.783176,357.619911,0.0,0.006879,0.281929
37,T37_UAV_3,BS_3,LEO_0,140.323341,140.157453,0.0,0.009502,0.281929
37,T37_UAV_10,BS_4,LEO_0,132.110409,131.930856,0.0,0.023167,0.281929
37,T37_UAV_11,BS_4,LEO_0,306.7345,306.557434,0.0,0.020681,0.281929
37,T37_UAV_15,BS_0,LEO_0,353.496444,353.330382,0.0,0.009676,0.281929
37,T37_UAV_9,BS_0,LEO_1,312.551666,312.366908,0.0,0.03048,0.271391
37,T37_UAV_6,HAP_1,LEO_1,347.506868,347.340546,0.0,0.012044,0.271391
37,T37_UAV_12,BS_2,LEO_1,372.104655,371.932777,0.0,0.017601,0.271391
37,T37_UAV_4,BS_1,LEO_1,156.355394,156.184743,0.0,0.016372,0.271391
37,T37_UAV_16,BS_0,LEO_1,300.518324,300.353539,0.0,0.010507,0.271391
37,T37_UAV_8,BS_2,LEO_1,391.625009,391.454782,0.0,0.015949,0.271391
37,T37_UAV_17,BS_2,LEO_1,374.848671,374.673788,0.0,0.020605,0.271391
37,T37_UAV_1,BS_3,HAP_1,61.87505,61.63611,0.0,0.076013,0.314635
38,T38_UAV_3,BS_3,HAP_2,250.059212,249.870743,0.0,0.035432,0.265189
38,T38_UAV_0,BS_3,HAP_2,183.448497,183.278982,0.0,0.016476,0.265189
38,T38_UAV_10,BS_4,HAP_2,210.607282,210.444941,0.0,0.009303,0.265189
38,T38_UAV_2,HAP_1,HAP_0,498.409516,498.222935,0.0,0.030302,0.281396
38,T38_UAV_8,BS_2,HAP_2,168.685651,168.509294,0.0,0.02332,0.265189
38,T38_UAV_18,BS_2,HAP_2,199.315551,199.148595,0.0,0.013919,0.265189
38,T38_UAV_5,HAP_1,HAP_0,247.191606,247.010441,0.0,0.024886,0.281396
38,T38_UAV_12,BS_2,HAP_0,290.333803,290.171026,0.0,0.006497,0.281396
38,T38_UAV_4,BS_1,HAP_0,200.263669,200.07818,0.0,0.029211,0.281396
38,T38_UAV_16,BS_0,HAP_0,336.455551,336.272546,0.0,0.026726,0.281396
38,T38_UAV_14,BS_3,HAP_1,115.093691,114.893455,0.0,0.02635,0.369429
38,T38_UAV_17,BS_2,HAP_1,99.494449,99.271015,0.0,0.049548,0.369429
38,T38_UAV_1,BS_3,LEO_1,61.384404,61.215057,0.0,0.018469,0.25439
38,T38_UAV_9,BS_0,BS_1,169.737558,169.544664,0.0,0.013676,0.396089
38,T38_UAV_15,BS_0,BS_2,124.317551,124.119138,0.0,0.04707,0.256712
39,T39_UAV_11,BS_4,LEO_0,221.783788,221.600814,0.0,0.026519,0.282272
39,T39_UAV_14,BS_3,LEO_0,269.720368,269.549814,0.0,0.0141,0.282272
39,T39_UAV_15,BS_0,LEO_0,198.890108,198.710116,0.0,0.023538,0.282272
39,T39_UAV_3,BS_3,LEO_0,253.181962,252.993175,0.0,0.032333,0.282272
39,T39_UAV_4,BS_1,LEO_0,225.172048,225.007583,0.0,0.008011,0.282272
39,T39_UAV_5,HAP_1,BS_4,165.186282,165.019642,0.0,0.034542,0.160491
39,T39_UAV_9,BS_0,BS_4,302.766538,302.621694,0.0,0.012746,0.160491
39,T39_UAV_0,BS_3,LEO_1,78.503917,78.321589,0.0,0.038417,0.219552
39,T39_UAV_18,BS_2,BS_4,204.811048,204.638308,0.0,0.040642,0.160491
39,T39_UAV_17,BS_2,LEO_1,108.764686,108.59835,0.0,0.022426,0.219552
39,T39_UAV_2,HAP_1,LEO_1,168.741893,168.583186,0.0,0.014797,0.219552
39,T39_UAV_10,BS_4,LEO_1,125.367614,125.191002,0.0,0.032701,0.219552
39,T39_UAV_8,BS_2,HAP_1,91.990676,91.777311,0.0,0.036011,0.38677
39,T39_UAV_12,BS_2,BS_0,179.573102,179.386584,0.0,0.028658,0.289296
39,T39_UAV_16,BS_0,BS_3,102.371571,102.166217,0.0,0.03497,0.351919
40,T40_UAV_15,BS_0,HAP_0,482.512072,482.317946,0.0,0.03832,0.279029
40,T40_UAV_18,BS_2,HAP_0,371.466991,371.294623,0.0,0.016562,0.279029
40,T40_UAV_6,HAP_1,HAP_2,211.682827,211.504524,0.0,0.024548,0.268775
40,T40_UAV_12,BS_2,HAP_2,132.63507,132.448808,0.0,0.032507,0.268775
40,T40_UAV_3,BS_3,HAP_0,326.829207,326.657122,0.0,0.016279,0.279029
40,T40_UAV_4,BS_1,HAP_0,338.911498,338.742201,0.0,0.013491,0.279029
40,T40_UAV_0,BS_3,HAP_0,288.445795,288.270487,0.0,0.019502,0.279029
40,T40_UAV_13,BS_4,HAP_2,217.922097,217.74765,0.0,0.020692,0.268775
40,T40_UAV_10,BS_4,HAP_1,95.230049,95.021795,0.0,0.027466,0.403938
40,T40_UAV_9,BS_0,HAP_2,361.319787,361.142405,0.0,0.023626,0.268775
40,T40_UAV_1,BS_3,HAP_1,184.788265,184.537283,0.0,0.070194,0.403938
40,T40_UAV_19,BS_0,LEO_1,50.344921,50.195584,0.0,0.008473,0.204317
40,T40_UAV_17,BS_2,BS_1,123.493963,123.298415,0.0,0.023767,0.358905
40,T40_UAV_14,BS_3,BS_2,174.88581,174.710617,0.0,0.011651,0.317715
