method,seed_index,slot,average_delay,cumulative_average_delay,average_fidelity,solver_time,throughput,sync_triggers
proposed,0,1,122.859734,122.859734,0.618854,0.000132,14.0,5.0
proposed,0,2,235.993786,179.42676,0.626845,0.000161,17.0,10.0
proposed,0,3,132.300099,163.717873,0.677944,0.000107,17.0,8.0
proposed,0,4,131.849874,155.750873,0.705991,0.000212,17.0,9.0
proposed,0,5,164.572614,157.515221,0.705138,0.000139,16.0,7.0
proposed,0,6,185.143335,162.119907,0.727536,0.000103,17.0,8.0
proposed,0,7,152.338702,160.722592,0.682171,0.000166,18.0,8.0
proposed,0,8,165.613089,161.333904,0.747729,0.000189,18.0,8.0
proposed,0,9,123.510479,157.131301,0.699551,0.000114,17.0,8.0
proposed,0,10,211.049688,162.52314,0.722839,8.1e-05,16.0,10.0
proposed,0,11,151.689195,161.538236,0.703908,0.000161,16.0,7.0
proposed,0,12,159.716859,161.386455,0.713783,8e-05,15.0,9.0
proposed,0,13,196.634715,164.097859,0.733872,0.000165,18.0,8.0
proposed,0,14,254.828688,170.578633,0.702724,0.000103,16.0,9.0
proposed,0,15,162.301407,170.026818,0.689445,8.7e-05,16.0,8.0
proposed,0,16,120.218524,166.913799,0.648247,7.3e-05,14.0,9.0
proposed,0,17,146.676386,165.723363,0.704354,0.000115,14.0,8.0
proposed,0,18,151.156112,164.914072,0.694632,6.7e-05,15.0,7.0
proposed,0,19,157.61861,164.5301,0.700074,0.000104,16.0,7.0
proposed,0,20,121.378068,162.372498,0.684625,8.8e-05,12.0,9.0
proposed,0,21,171.76373,162.8197,0.740596,0.000147,18.0,10.0
proposed,0,22,128.04465,161.239016,0.701893,8.4e-05,15.0,8.0
proposed,0,23,137.215221,160.194503,0.703326,0.000109,16.0,7.0
proposed,0,24,140.539393,159.37554,0.691911,0.000111,17.0,8.0
proposed,0,25,162.98555,159.51994,0.688557,0.000121,15.0,8.0
proposed,0,26,218.416051,161.785175,0.715743,8.4e-05,15.0,8.0
proposed,0,27,169.913961,162.086242,0.672045,9.7e-05,14.0,8.0
proposed,0,28,125.417441,160.776642,0.677641,0.000122,16.0,9.0
proposed,0,29,117.701753,159.291301,0.675346,0.000138,18.0,8.0
proposed,0,30,174.117845,159.785519,0.717819,0.000129,17.0,7.0
proposed,0,31,112.05029,158.245673,0.649108,8.9e-05,14.0,6.0
proposed,0,32,180.221524,158.932418,0.690905,0.000116,17.0,7.0
proposed,0,33,223.880137,160.900531,0.701942,0.000118,16.0,9.0
proposed,0,34,128.482434,159.947057,0.631682,9.5e-05,13.0,10.0
proposed,0,35,139.448063,159.361372,0.709367,0.00013,16.0,8.0
proposed,0,36,151.214217,159.135062,0.692347,0.000146,19.0,9.0
proposed,0,37,118.613563,158.039886,0.684062,7.9e-05,15.0,7.0
proposed,0,38,114.981504,156.906771,0.676972,0.000103,15.0,7.0
proposed,0,39,265.736094,159.697266,0.683839,0.00013,17.0,6.0
proposed,0,40,136.604828,159.119955,0.664883,8.2e-05,14.0,9.0
proposed,1,1,108.195212,108.195212,0.683178,0.000149,13.0,4.0
proposed,1,2,297.475424,202.835318,0.651866,0.000123,13.0,10.0
proposed,1,3,221.557321,209.075986,0.672923,0.000486,18.0,6.0
proposed,1,4,192.902092,205.032512,0.670805,0.000382,16.0,10.0
proposed,1,5,123.828891,188.791788,0.70943,0.00016,15.0,7.0
proposed,1,6,265.80687,201.627635,0.701848,0.000235,18.0,7.0
proposed,1,7,160.881972,195.806826,0.661725,0.00014,15.0,7.0
proposed,1,8,198.218988,196.108346,0.714384,7.1e-05,13.0,7.0
proposed,1,9,168.854919,193.080188,0.693597,0.000166,16.0,8.0
proposed,1,10,187.929356,192.565105,0.705012,0.000159,14.0,8.0
proposed,1,11,203.198119,193.531742,0.72467,0.000164,16.0,8.0
proposed,1,12,554.131355,223.58171,0.699943,0.000306,16.0,7.0
proposed,1,13,185.229993,220.631578,0.693982,0.000194,18.0,8.0
proposed,1,14,228.773067,221.213113,0.732522,0.000196,17.0,8.0
proposed,1,15,142.773779,215.983824,0.688519,0.000105,15.0,8.0
proposed,1,16,147.78621,211.721473,0.678443,7.3e-05,13.0,6.0
proposed,1,17,131.831025,207.022035,0.707859,7.2e-05,13.0,6.0
proposed,1,18,170.84313,205.012096,0.704463,0.000187,18.0,7.0
proposed,1,19,121.866014,200.635986,0.721878,9.7e-05,15.0,8.0
proposed,1,20,146.944227,197.951398,0.721644,0.000166,17.0,8.0
proposed,1,21,162.598244,196.267915,0.721575,0.000104,15.0,6.0
proposed,1,22,197.540138,196.325743,0.70953,0.000257,19.0,8.0
proposed,1,23,139.653386,193.861727,0.723305,0.000188,17.0,8.0
proposed,1,24,170.811574,192.901304,0.733786,0.000186,18.0,6.0
proposed,1,25,158.257383,191.515548,0.694936,0.000143,16.0,7.0
proposed,1,26,155.858246,190.144113,0.720438,9.9e-05,15.0,9.0
proposed,1,27,147.926521,188.580498,0.710765,0.000221,17.0,6.0
proposed,1,28,130.802812,186.51701,0.689753,0.000142,17.0,6.0
proposed,1,29,240.926513,188.393199,0.676567,8.9e-05,15.0,6.0
proposed,1,30,211.494938,189.163257,0.685167,0.00018,17.0,10.0
proposed,1,31,159.870013,188.218314,0.690423,0.00011,16.0,6.0
proposed,1,32,181.605463,188.011662,0.686237,9.6e-05,14.0,6.0
proposed,1,33,111.813309,185.702621,0.705765,7.5e-05,14.0,7.0
proposed,1,34,141.637207,184.40658,0.749281,0.000121,17.0,8.0
proposed,1,35,131.019112,182.881224,0.726616,0.00023,18.0,7.0
proposed,1,36,95.06027,180.441753,0.687477,0.000109,10.0,6.0
proposed,1,37,268.924831,182.833187,0.726695,0.000196,19.0,7.0
proposed,1,38,195.739348,183.172823,0.725262,9e-05,16.0,7.0
proposed,1,39,196.953635,183.526177,0.726208,0.000142,18.0,8.0
proposed,1,40,122.285275,181.995155,0.694123,0.000165,17.0,7.0
proposed,2,1,232.959612,232.959612,0.577851,0.000342,19.0,6.0
proposed,2,2,107.504027,170.23182,0.614719,3.5e-05,10.0,10.0
proposed,2,3,219.152399,186.53868,0.686604,0.000328,18.0,7.0
proposed,2,4,141.30607,175.230527,0.673989,0.000126,16.0,8.0
proposed,2,5,184.649178,177.114257,0.690674,0.000149,15.0,8.0
proposed,2,6,157.073762,173.774175,0.724385,8.1e-05,13.0,9.0
proposed,2,7,161.469587,172.016376,0.717147,9.6e-05,15.0,8.0
proposed,2,8,231.504471,179.452388,0.694459,0.000161,16.0,7.0
proposed,2,9,437.90835,208.169717,0.658414,0.000345,17.0,8.0
proposed,2,10,195.803617,206.933107,0.667461,0.000161,17.0,9.0
proposed,2,11,174.793005,204.01128,0.691103,0.00015,15.0,9.0
proposed,2,12,249.924868,207.837412,0.69748,9.9e-05,16.0,9.0
proposed,2,13,163.706404,204.442719,0.681475,0.000244,18.0,9.0
proposed,2,14,149.516941,200.519449,0.695435,0.000215,17.0,8.0
proposed,2,15,132.816882,196.005945,0.675866,7.6e-05,14.0,6.0
proposed,2,16,184.002911,195.255755,0.672668,0.000128,14.0,9.0
proposed,2,17,215.723832,196.45976,0.699558,0.000264,15.0,8.0
proposed,2,18,132.842679,192.925478,0.654648,0.000271,14.0,7.0
proposed,2,19,173.262246,191.890571,0.656714,0.000699,16.0,8.0
proposed,2,20,137.509574,189.171521,0.710635,0.000151,16.0,8.0
proposed,2,21,176.580719,188.571959,0.687911,0.000666,18.0,7.0
proposed,2,22,153.199155,186.964104,0.676385,5.2e-05,13.0,8.0
proposed,2,23,227.764116,188.738018,0.677525,0.000162,17.0,7.0
proposed,2,24,252.694406,191.402867,0.694007,8e-05,15.0,8.0
proposed,2,25,538.042183,205.26844,0.661327,0.000309,17.0,8.0
proposed,2,26,136.284834,202.615224,0.685525,0.000681,19.0,10.0
proposed,2,27,152.081797,200.743616,0.687923,0.000307,17.0,6.0
proposed,2,28,264.738283,203.02914,0.655155,0.000293,15.0,6.0
proposed,2,29,147.18645,201.10353,0.671767,0.000187,18.0,9.0
proposed,2,30,158.227193,199.674318,0.710605,0.000655,16.0,9.0
proposed,2,31,250.437994,201.311856,0.690616,0.000294,17.0,8.0
proposed,2,32,200.766282,201.294807,0.664367,0.00176,18.0,8.0
proposed,2,33,147.260702,199.65741,0.687069,0.000674,18.0,8.0
proposed,2,34,128.221003,197.556339,0.693193,8.2e-05,12.0,7.0
proposed,2,35,234.671874,198.616783,0.698403,0.001723,16.0,8.0
proposed,2,36,131.350478,196.748275,0.689912,0.000132,14.0,9.0
proposed,2,37,213.911588,197.212148,0.693814,0.000172,14.0,7.0
proposed,2,38,132.428723,195.507321,0.650902,0.000649,12.0,9.0
proposed,2,39,120.269057,193.578135,0.693558,0.000781,17.0,8.0
proposed,2,40,207.477861,193.925628,0.70886,0.000664,17.0,7.0
baseline,0,1,161.21944,161.21944,0.618854,0.0,14.0,5.0
baseline,0,2,228.227372,194.723406,0.631921,0.0,14.0,9.0
baseline,0,3,199.017071,196.154628,0.668443,0.0,15.0,10.0
baseline,0,4,223.572588,203.009118,0.679672,0.0,16.0,9.0
baseline,0,5,235.533168,209.513928,0.687402,0.0,14.0,10.0
baseline,0,6,209.928112,209.582958,0.716402,0.0,16.0,10.0
baseline,0,7,199.837227,208.190711,0.693575,0.0,14.0,10.0
baseline,0,8,212.328891,208.707984,0.707583,0.0,16.0,10.0
baseline,0,9,211.47503,209.015433,0.683181,0.0,15.0,10.0
baseline,0,10,260.641835,214.178073,0.686098,0.0,15.0,10.0
baseline,0,11,284.201697,220.543857,0.697815,0.0,15.0,10.0
baseline,0,12,307.556261,227.794891,0.673763,0.0,15.0,10.0
baseline,0,13,278.226059,231.674211,0.699902,0.0,18.0,10.0
baseline,0,14,220.400039,230.868913,0.692292,0.0,13.0,10.0
baseline,0,15,192.379564,228.302957,0.691398,0.0,16.0,10.0
baseline,0,16,203.886677,226.776939,0.662438,0.0,13.0,10.0
baseline,0,17,184.975366,224.318023,0.667129,0.0,14.0,10.0
baseline,0,18,233.306405,224.817378,0.679749,0.0,13.0,10.0
baseline,0,19,190.583121,223.015575,0.699925,0.0,16.0,10.0
baseline,0,20,155.094438,219.619518,0.674525,0.0,11.0,10.0
baseline,0,21,260.371434,221.560085,0.696568,0.0,16.0,10.0
baseline,0,22,265.615146,223.562588,0.678152,0.0,15.0,10.0
baseline,0,23,239.503632,224.255677,0.676901,0.0,16.0,10.0
baseline,0,24,159.806675,221.570302,0.684236,0.0,13.0,10.0
baseline,0,25,228.396069,221.843333,0.675782,0.0,14.0,10.0
baseline,0,26,198.437536,220.94311,0.693096,0.0,13.0,10.0
baseline,0,27,263.690758,222.526356,0.667411,0.0,14.0,10.0
baseline,0,28,202.9552,221.827386,0.667467,0.0,16.0,10.0
baseline,0,29,201.930692,221.141293,0.677818,0.0,16.0,10.0
baseline,0,30,297.785762,223.696109,0.687994,0.0,15.0,10.0
baseline,0,31,227.721309,223.825954,0.661017,0.0,14.0,10.0
baseline,0,32,188.525392,222.722811,0.687139,0.0,15.0,10.0
baseline,0,33,210.41424,222.349824,0.687266,0.0,12.0,10.0
baseline,0,34,212.688925,222.06568,0.644738,0.0,13.0,10.0
baseline,0,35,173.618805,220.681484,0.704022,0.0,15.0,10.0
baseline,0,36,259.796677,221.768017,0.677791,0.0,14.0,10.0
baseline,0,37,261.66527,222.846321,0.675639,0.0,15.0,10.0
baseline,0,38,210.136734,222.511858,0.670291,0.0,15.0,10.0
baseline,0,39,179.611026,221.411837,0.705775,0.0,15.0,10.0
baseline,0,40,239.849247,221.872772,0.697691,0.0,14.0,10.0
baseline,1,1,193.443447,193.443447,0.683178,0.0,13.0,4.0
baseline,1,2,318.57468,256.009063,0.651736,0.0,13.0,8.0
baseline,1,3,190.068887,234.029005,0.65351,0.0,18.0,10.0
baseline,1,4,196.355517,224.610633,0.68274,0.0,13.0,9.0
baseline,1,5,155.562674,210.801041,0.687929,0.0,15.0,10.0
baseline,1,6,220.969969,212.495862,0.706059,0.0,14.0,9.0
baseline,1,7,229.799489,214.967809,0.662716,0.0,15.0,9.0
baseline,1,8,181.742642,210.814663,0.697146,0.0,13.0,9.0
baseline,1,9,245.377408,214.654968,0.723564,0.0,16.0,10.0
baseline,1,10,223.130399,215.502511,0.687293,0.0,14.0,9.0
baseline,1,11,225.563999,216.417192,0.683673,0.0,16.0,9.0
baseline,1,12,187.798313,214.032285,0.70364,0.0,15.0,9.0
baseline,1,13,214.075101,214.035579,0.708277,0.0,14.0,10.0
baseline,1,14,169.254619,210.836939,0.711673,0.0,16.0,10.0
baseline,1,15,240.657505,212.824977,0.700417,0.0,14.0,9.0
baseline,1,16,184.36037,211.045939,0.678624,0.0,13.0,9.0
baseline,1,17,175.591851,208.960404,0.696677,0.0,13.0,9.0
baseline,1,18,181.324536,207.425078,0.713069,0.0,18.0,10.0
baseline,1,19,198.939299,206.978458,0.71414,0.0,14.0,9.0
baseline,1,20,257.761497,209.51761,0.727735,0.0,17.0,9.0
baseline,1,21,188.529587,208.518181,0.704269,0.0,14.0,9.0
baseline,1,22,229.36472,209.465751,0.719005,0.0,16.0,10.0
baseline,1,23,215.875031,209.744415,0.706253,0.0,15.0,9.0
baseline,1,24,192.461509,209.024294,0.698982,0.0,16.0,9.0
baseline,1,25,176.459424,207.721699,0.698686,0.0,12.0,10.0
baseline,1,26,257.478849,209.635436,0.683134,0.0,15.0,10.0
baseline,1,27,205.247621,209.472924,0.695789,0.0,15.0,10.0
baseline,1,28,196.643455,209.014729,0.69824,0.0,14.0,10.0
baseline,1,29,195.651839,208.553939,0.685266,0.0,15.0,10.0
baseline,1,30,220.504591,208.952294,0.695404,0.0,15.0,10.0
baseline,1,31,199.784887,208.656572,0.673608,0.0,15.0,10.0
baseline,1,32,205.89665,208.570324,0.700032,0.0,14.0,10.0
baseline,1,33,191.220094,208.044559,0.728636,0.0,14.0,9.0
baseline,1,34,224.303513,208.522764,0.722587,0.0,17.0,9.0
baseline,1,35,194.699866,208.127824,0.725818,0.0,15.0,10.0
baseline,1,36,131.097027,205.98808,0.685458,0.0,10.0,10.0
baseline,1,37,221.07591,206.395859,0.732661,0.0,18.0,9.0
baseline,1,38,185.522229,205.846553,0.731981,0.0,13.0,9.0
baseline,1,39,250.699626,206.996632,0.727514,0.0,18.0,10.0
baseline,1,40,154.366017,205.680866,0.718299,0.0,14.0,9.0
baseline,2,1,190.851266,190.851266,0.577851,0.0,19.0,6.0
baseline,2,2,235.218279,213.034773,0.624799,0.0,10.0,10.0
baseline,2,3,197.602889,207.890811,0.684713,0.0,18.0,8.0
baseline,2,4,176.644869,200.079326,0.675204,0.0,15.0,9.0
baseline,2,5,216.363371,203.336135,0.678362,0.0,15.0,9.0
baseline,2,6,181.292771,199.662241,0.702352,0.0,13.0,10.0
baseline,2,7,212.750706,201.532022,0.700836,0.0,15.0,9.0
baseline,2,8,178.008512,198.591583,0.698767,0.0,16.0,8.0
baseline,2,9,197.980556,198.523691,0.67621,0.0,14.0,8.0
baseline,2,10,140.714827,192.742805,0.711654,0.0,14.0,10.0
baseline,2,11,250.515298,197.994849,0.707959,0.0,15.0,9.0
baseline,2,12,169.289121,195.602705,0.690682,0.0,15.0,8.0
baseline,2,13,228.984365,198.170525,0.690232,0.0,14.0,9.0
baseline,2,14,194.411046,197.901991,0.699553,0.0,15.0,10.0
baseline,2,15,217.711983,199.222657,0.691928,0.0,12.0,9.0
baseline,2,16,211.679797,200.001228,0.648848,0.0,14.0,9.0
baseline,2,17,216.129906,200.949974,0.67704,0.0,15.0,9.0
baseline,2,18,185.652936,200.100139,0.676244,0.0,14.0,10.0
baseline,2,19,235.514975,201.964078,0.684588,0.0,16.0,9.0
baseline,2,20,211.298256,202.430786,0.690138,0.0,15.0,9.0
baseline,2,21,217.175038,203.132894,0.664724,0.0,18.0,8.0
baseline,2,22,242.534083,204.923857,0.677082,0.0,13.0,9.0
baseline,2,23,170.536773,203.428766,0.672012,0.0,17.0,9.0
baseline,2,24,258.20632,205.711164,0.694492,0.0,12.0,9.0
baseline,2,25,265.300339,208.094731,0.675203,0.0,17.0,9.0
baseline,2,26,185.413917,207.222392,0.686229,0.0,18.0,10.0
baseline,2,27,251.75685,208.871817,0.665737,0.0,16.0,9.0
baseline,2,28,178.516541,207.7877,0.661461,0.0,15.0,9.0
baseline,2,29,168.061852,206.417843,0.672861,0.0,12.0,9.0
baseline,2,30,189.030396,205.838261,0.692899,0.0,15.0,10.0
baseline,2,31,225.449904,206.470895,0.691526,0.0,16.0,9.0
baseline,2,32,212.905957,206.671991,0.660221,0.0,16.0,9.0
baseline,2,33,207.974874,206.711472,0.664197,0.0,15.0,9.0
baseline,2,34,185.870606,206.098505,0.698178,0.0,12.0,10.0
baseline,2,35,267.784704,207.860968,0.69663,0.0,16.0,9.0
baseline,2,36,255.828331,209.193395,0.680724,0.0,14.0,8.0
baseline,2,37,172.567858,208.203515,0.668574,0.0,14.0,8.0
baseline,2,38,155.125922,206.806737,0.672933,0.0,12.0,10.0
baseline,2,39,161.214348,205.637701,0.685928,0.0,16.0,9.0
baseline,2,40,237.8181,206.442211,0.689727,0.0,16.0,9.0
