slot,average_delay,average_energy,total_delay,total_energy,mission_cost,fidelity_cost,sync_trigger_count,coordination_trigger_count,one_hot_valid,resource_feasible,local_execution_count
1,116.495102,0.004079,2213.406939,0.0775,0.325329,1.808089,6,6,1,1,0
2,52.140691,0.034527,521.406914,0.34527,0.310224,4.508539,10,10,1,1,0
3,75.210563,0.027883,1353.790137,0.501889,0.536883,5.573691,8,8,1,1,0
4,55.49101,0.019857,887.856153,0.31771,0.507866,4.486187,7,7,1,1,0
5,100.229051,0.015797,1503.435768,0.236954,0.415526,4.401508,7,7,1,1,0
6,121.412889,0.037535,1578.367554,0.487953,0.294751,2.767111,9,9,1,1,0
7,176.880034,0.091357,2653.200505,1.370348,0.415755,3.593655,9,9,1,1,0
8,73.153948,0.033009,1170.463171,0.528148,0.420134,5.013349,9,9,1,1,0
9,92.545216,0.026893,1573.26868,0.457178,0.436339,4.237409,9,9,1,1,0
10,65.827741,0.035911,1119.07159,0.610479,0.498016,5.02457,9,9,1,1,0
11,82.533028,0.035936,1237.995421,0.53904,0.348463,3.758614,10,10,1,1,0
12,81.843399,0.021732,1309.494383,0.347717,0.463824,3.854399,8,8,1,1,0
13,94.275024,0.026962,1696.950438,0.48531,0.430202,4.646941,8,8,1,1,0
14,92.546479,0.013947,1573.290149,0.237102,0.430201,4.189386,7,7,1,1,0
15,73.388297,0.013071,1027.436152,0.182989,0.283601,4.351843,7,7,1,1,0
16,119.719082,0.035123,1676.067152,0.491717,0.200642,2.279614,8,7,1,1,0
17,69.710597,0.024172,1045.658952,0.362574,0.329463,4.630063,8,8,1,1,0
18,67.458835,0.021145,944.423687,0.296026,0.239264,3.935634,8,8,1,1,0
19,93.49276,0.022444,1495.884165,0.35911,0.301166,4.013733,8,8,1,1,0
20,57.061071,0.022798,912.977135,0.364766,0.482677,5.065908,7,7,1,1,0
21,96.224554,0.021171,1732.041979,0.381082,0.315,4.27159,8,8,1,1,0
22,65.600934,0.027746,852.812139,0.360695,0.349562,3.871414,9,9,1,1,0
23,67.060758,0.025244,1140.032893,0.429145,0.393437,4.858344,8,8,1,1,0
24,76.933183,0.020819,1153.997744,0.312284,0.442419,4.044512,7,7,1,1,0
25,82.110949,0.011391,1395.886141,0.193642,0.363659,5.213115,6,6,1,1,0
26,166.12793,0.030069,3156.430667,0.571308,0.29493,4.145874,7,6,1,1,0
27,65.333421,0.034789,1110.668154,0.591417,0.421596,5.947798,9,9,1,1,0
28,65.552087,0.020206,983.281303,0.303092,0.257408,4.568197,8,8,1,1,0
29,89.929873,0.022502,1618.737714,0.405036,0.37139,4.601216,8,8,1,1,0
30,62.578631,0.030957,1001.258096,0.495311,0.36324,4.992991,9,9,1,1,0
31,66.819724,0.032362,1135.935306,0.550159,0.444669,5.249802,9,9,1,1,0
32,89.969987,0.0182,1619.459773,0.327597,0.472267,4.775361,7,7,1,1,0
33,80.445201,0.018739,1448.013614,0.337302,0.428473,5.53942,7,7,1,1,0
34,66.744344,0.023034,800.932131,0.276409,0.280889,3.901994,8,8,1,1,0
35,77.56096,0.029561,1240.97536,0.472976,0.472312,3.750807,9,7,1,1,0
36,69.043286,0.011391,966.606001,0.159479,0.304699,3.499544,6,6,1,1,0
37,66.306743,0.01223,928.294408,0.171224,0.279054,4.71218,7,7,1,1,0
38,63.388605,0.021861,760.663261,0.262333,0.255339,3.194247,8,8,1,1,0
39,190.55971,0.0356,3239.515075,0.605193,0.168084,2.203762,8,7,1,1,0
40,65.561318,0.0254,1114.542412,0.431794,0.360437,5.651217,8,8,1,1,0
41,85.59637,0.033357,1455.138298,0.567067,0.365518,5.381887,8,8,1,1,0
42,123.283187,0.028153,1972.530995,0.450449,0.275323,3.272575,9,8,1,1,0
43,83.724683,0.034636,1255.870241,0.519542,0.362657,4.162528,9,9,1,1,0
44,90.203754,0.033553,1443.260061,0.536848,0.319435,3.55344,9,9,1,1,0
45,111.171375,0.032213,2001.084758,0.579837,0.494845,4.377657,9,9,1,1,0
46,116.78635,0.031393,1635.0089,0.439502,0.246496,3.606371,9,9,1,1,0
47,132.254338,0.068801,2116.069411,1.100818,0.383772,4.200519,10,10,1,1,0
48,59.312541,0.031548,949.000655,0.504761,0.43892,5.118426,9,9,1,1,0
49,107.266624,0.021665,1716.265986,0.346634,0.29557,3.085788,8,8,1,1,0
50,92.079316,0.029948,1381.189744,0.449213,0.274949,3.282903,9,9,1,1,0
51,92.719725,0.029208,1298.076153,0.408915,0.367317,4.701445,9,9,1,1,0
52,75.561452,0.038225,1284.544689,0.649828,0.404834,3.953251,10,9,1,1,0
53,91.723559,0.03057,1651.024058,0.550267,0.37016,4.274175,9,9,1,1,0
54,70.41787,0.011125,1126.685917,0.177992,0.304585,3.856868,7,7,1,1,0
55,115.158909,0.013336,1727.383639,0.200036,0.303018,3.75313,7,7,1,1,0
56,59.556269,0.027368,774.231502,0.355778,0.241037,4.430342,9,9,1,1,0
57,98.42808,0.026164,1574.849283,0.418628,0.325098,3.527588,9,8,1,1,0
58,64.797886,0.015471,971.968287,0.232063,0.32955,4.412368,7,7,1,1,0
59,87.044844,0.025893,1305.672659,0.388392,0.306341,3.824391,8,8,1,1,0
60,73.934023,0.037441,1182.94436,0.599051,0.299722,3.891558,10,9,1,1,0
61,90.981519,0.017869,1273.741261,0.250166,0.223051,3.236704,7,7,1,1,0
62,56.442645,0.021774,790.197034,0.304837,0.215578,4.402327,7,7,1,1,0
63,85.811107,0.020456,1201.355499,0.286382,0.281524,3.361629,7,7,1,1,0
64,76.317273,0.037347,1144.759102,0.560205,0.365261,4.132401,10,10,1,1,0
65,92.909384,0.011374,1486.550139,0.181977,0.308171,3.966479,7,7,1,1,0
66,71.509842,0.014021,1001.137781,0.196293,0.337701,4.009628,7,7,1,1,0
67,61.510654,0.010296,799.638498,0.133843,0.231743,4.158094,6,6,1,1,0
68,112.049042,0.033235,1792.784669,0.531767,0.214238,2.737722,8,6,1,1,0
69,68.333001,0.036924,1229.994015,0.664634,0.411499,5.441641,10,10,1,1,0
70,78.263161,0.021644,1252.21058,0.346302,0.365187,4.313522,8,8,1,1,0
71,139.727462,0.025486,2235.639393,0.407782,0.227318,3.560501,9,9,1,1,0
72,62.63083,0.024025,1064.724111,0.408429,0.482098,5.512231,8,8,1,1,0
73,71.080472,0.019081,1279.448501,0.343451,0.388605,5.525717,8,8,1,1,0
74,71.806147,0.027262,861.673766,0.32714,0.268363,3.562765,9,9,1,1,0
75,62.468065,0.027824,812.084844,0.361709,0.22841,3.25528,9,8,1,1,0
76,52.498247,0.019765,734.975459,0.276709,0.373592,4.161186,8,8,1,1,0
77,142.13268,0.059389,2274.122875,0.950229,0.332535,4.273222,7,7,1,1,0
78,86.965309,0.034419,1652.340877,0.653964,0.40831,5.166704,9,9,1,1,0
79,77.312153,0.019648,1314.306602,0.33401,0.550953,4.651132,7,7,1,1,0
80,91.035008,0.033673,1729.665147,0.639783,0.437177,4.745635,8,8,1,1,0
81,70.009478,0.030848,1120.151647,0.493563,0.353133,5.011144,8,8,1,1,0
82,143.904358,0.028607,2878.087158,0.572142,0.400142,4.906151,8,7,1,1,0
83,132.672855,0.018406,2388.111385,0.331315,0.258516,4.222299,8,7,1,1,0
84,81.474341,0.038463,1466.538144,0.692338,0.547933,5.556301,10,10,1,1,0
85,109.020049,0.028535,1744.320786,0.456567,0.353154,3.334243,9,9,1,1,0
86,100.865247,0.032285,1916.439697,0.613413,0.503823,5.422927,9,9,1,1,0
87,103.990198,0.048083,1663.843167,0.769322,0.424801,4.509972,9,9,1,1,0
88,64.654709,0.035928,969.820634,0.538917,0.343922,3.642789,10,9,1,1,0
89,59.884975,0.010525,898.274627,0.15788,0.3171,3.632039,7,7,1,1,0
90,56.367481,0.021458,845.512213,0.321874,0.352094,4.555321,7,7,1,1,0
91,87.147312,0.011505,1394.356992,0.184083,0.407683,4.683486,6,6,1,1,0
92,92.381981,0.038207,1755.25763,0.725935,0.496493,4.469248,10,9,1,1,0
93,63.012145,0.00977,882.170027,0.136778,0.306637,3.916607,6,6,1,1,0
94,82.339489,0.031623,1317.431819,0.505969,0.396953,3.702999,8,8,1,1,0
95,79.762907,0.015128,1276.206507,0.242052,0.359488,4.28874,8,8,1,1,0
96,67.462373,0.034358,1146.860337,0.584078,0.364199,5.067557,9,9,1,1,0
97,146.669926,0.030384,2493.388749,0.51653,0.28905,4.098621,9,9,1,1,0
98,67.886885,0.017662,1018.303279,0.264925,0.351169,4.801638,8,8,1,1,0
99,79.824306,0.029203,1277.188898,0.467245,0.404187,4.567117,9,9,1,1,0
100,60.939798,0.031153,975.036764,0.498444,0.354739,5.157679,9,9,1,1,0
101,102.183261,0.010929,1839.29869,0.196725,0.382618,4.406133,7,7,1,1,0
102,102.598835,0.020989,1641.581361,0.335818,0.355443,4.626816,7,7,1,1,0
103,83.326702,0.038789,1583.20733,0.736985,0.425349,5.323408,10,10,1,1,0
104,67.534448,0.026894,1013.016717,0.403407,0.433901,4.364561,8,8,1,1,0
105,83.99622,0.013132,1259.943307,0.196986,0.367696,4.293117,7,7,1,1,0
106,170.339372,0.023567,2725.429945,0.377078,0.280848,4.214423,7,7,1,1,0
107,225.595092,0.03603,4060.711662,0.648541,0.347599,3.844316,8,7,1,1,0
108,58.970705,0.036887,943.531287,0.590186,0.461718,5.376693,10,10,1,1,0
109,69.647912,0.027503,1044.718679,0.412546,0.40661,4.790295,8,8,1,1,0
110,223.300027,0.033054,3349.500407,0.495815,0.292809,3.41586,9,9,1,1,0
111,63.512926,0.033841,889.180965,0.473777,0.350212,4.241842,9,9,1,1,0
112,67.193599,0.016461,1075.097578,0.26338,0.286791,4.280869,7,7,1,1,0
113,219.129112,0.034836,3725.194907,0.592217,0.336912,3.314284,9,9,1,1,0
114,98.813279,0.025202,1383.385906,0.35283,0.254939,3.756094,8,8,1,1,0
115,111.055291,0.041425,1998.995241,0.745645,0.413664,4.390424,10,9,1,1,0
116,86.219715,0.033851,1120.856301,0.440057,0.36175,4.33356,10,10,1,1,0
117,88.144595,0.026204,1498.458113,0.445464,0.362947,4.859871,9,9,1,1,0
118,76.880929,0.034171,1153.213937,0.512562,0.452194,4.250705,9,9,1,1,0
119,217.070199,0.032197,3256.052981,0.482953,0.377861,2.699949,8,8,1,1,0
120,65.458955,0.030572,981.884329,0.458573,0.498498,5.30323,9,9,1,1,0
121,129.806296,0.022251,2076.900731,0.356019,0.430397,4.030461,8,8,1,1,0
122,102.355211,0.054259,1842.393801,0.976665,0.539194,5.687935,10,10,1,1,0
123,105.571762,0.03594,1583.576434,0.539099,0.385471,3.739073,10,10,1,1,0
124,72.498606,0.024724,942.481884,0.321409,0.298257,3.395679,9,9,1,1,0
125,225.897631,0.115598,4066.157351,2.080759,0.500332,4.596758,9,9,1,1,0
126,72.591604,0.017989,1234.057267,0.305813,0.381337,4.256867,8,8,1,1,0
127,144.703483,0.030877,2894.06966,0.617536,0.418125,4.527608,9,8,1,1,0
128,74.78279,0.020315,1196.524639,0.325047,0.424156,5.42489,7,7,1,1,0
129,113.173304,0.034096,1923.946171,0.579638,0.283373,4.00531,8,7,1,1,0
130,61.109793,0.036464,977.756688,0.583422,0.396677,5.021502,10,10,1,1,0
131,95.301555,0.047235,1715.427996,0.850234,0.49366,4.738902,9,9,1,1,0
132,98.435596,0.03736,1574.969543,0.597765,0.366601,3.904657,8,8,1,1,0
133,241.158237,0.123595,3858.531798,1.977514,0.428228,3.874035,9,9,1,1,0
134,69.411288,0.018155,1110.580613,0.290474,0.355239,3.986387,7,7,1,1,0
135,77.590942,0.00881,1086.273189,0.123339,0.358956,4.238379,6,6,1,1,0
136,106.451451,0.032131,1703.223221,0.514091,0.248478,3.776363,8,8,1,1,0
137,125.902785,0.037534,2140.347342,0.638072,0.267993,2.504474,10,8,1,1,0
138,132.779812,0.026166,2124.476995,0.418656,0.319806,5.168536,9,9,1,1,0
139,142.578455,0.04207,2138.676821,0.631043,0.35616,3.504344,10,10,1,1,0
140,103.908829,0.037725,1766.450086,0.641333,0.356944,5.020054,10,10,1,1,0
141,99.217267,0.026789,1785.910799,0.482193,0.529152,4.153029,9,9,1,1,0
142,71.762808,0.038021,1076.44212,0.570309,0.403155,3.423536,10,10,1,1,0
143,74.641205,0.026729,1194.259279,0.427668,0.418934,3.85754,9,9,1,1,0
144,81.910864,0.024088,1228.662957,0.361326,0.322131,3.979654,8,8,1,1,0
145,86.443927,0.025807,1469.546758,0.438726,0.465667,5.108081,8,8,1,1,0
146,85.315348,0.033211,1109.099519,0.431737,0.277989,3.289334,9,9,1,1,0
147,71.290405,0.038025,1140.646475,0.608397,0.404194,4.322293,10,9,1,1,0
148,108.102208,0.027797,1945.839735,0.500346,0.328761,4.570518,9,9,1,1,0
149,99.756731,0.013328,1596.107695,0.213256,0.340885,3.941236,8,8,1,1,0
150,70.868054,0.03649,1204.756923,0.620328,0.506617,4.780696,9,9,1,1,0
151,63.423726,0.026312,1078.203334,0.447305,0.277431,4.093238,9,9,1,1,0
152,154.098651,0.024051,2311.479763,0.36077,0.25236,3.270059,8,8,1,1,0
153,67.272333,0.033395,1143.629668,0.567719,0.411569,5.218848,9,9,1,1,0
154,63.135916,0.032807,820.766912,0.426491,0.333326,3.69977,9,9,1,1,0
155,91.604612,0.017429,1648.883012,0.313719,0.397352,4.303882,7,7,1,1,0
156,92.764134,0.017858,1762.51854,0.33931,0.374861,4.696358,8,7,1,1,0
157,95.001095,0.035473,1330.015325,0.496617,0.318711,3.299855,9,9,1,1,0
158,87.125362,0.022725,1394.005799,0.363605,0.287865,3.931273,9,9,1,1,0
159,60.636298,0.036292,970.18076,0.580676,0.454856,4.68734,9,9,1,1,0
160,90.693816,0.014087,1179.019608,0.183133,0.222532,3.005329,6,6,1,1,0
161,84.017818,0.02174,1428.302904,0.369579,0.408589,4.377656,8,8,1,1,0
162,60.407954,0.024573,845.711352,0.344016,0.203596,3.960854,8,8,1,1,0
163,88.132785,0.016487,1586.390134,0.296774,0.424443,4.810304,7,6,1,1,0
164,70.503991,0.028806,1198.567842,0.489704,0.323149,4.366693,8,8,1,1,0
165,64.291139,0.021819,1028.65822,0.349108,0.325045,4.613341,7,7,1,1,0
166,124.258971,0.026749,2112.402504,0.454729,0.326813,3.028054,6,5,1,1,0
167,102.594844,0.036457,1641.517499,0.583308,0.257696,4.397624,9,9,1,1,0
168,217.146237,0.043262,3474.339794,0.692197,0.330416,3.980797,9,9,1,1,0
169,87.567525,0.051724,1488.647933,0.8793,0.443013,5.608439,10,10,1,1,0
170,78.965894,0.021799,1184.488406,0.32698,0.334199,3.73153,8,8,1,1,0
171,136.08911,0.022534,2313.514867,0.383078,0.416157,4.139204,8,8,1,1,0
172,57.796922,0.022009,866.953823,0.330138,0.39178,4.762968,8,8,1,1,0
173,85.998601,0.024714,1633.973428,0.469566,0.41449,4.38413,8,7,1,1,0
174,72.685025,0.028368,1162.960402,0.453891,0.390572,3.443221,8,7,1,1,0
175,79.810475,0.03488,1356.778073,0.592964,0.398173,3.866409,9,9,1,1,0
176,97.280554,0.03138,1751.049968,0.564847,0.324582,4.36309,8,8,1,1,0
177,73.563262,0.037122,1250.575447,0.631075,0.357138,3.983656,10,9,1,1,0
178,78.480667,0.02627,1255.690674,0.420326,0.37754,3.65677,8,8,1,1,0
179,59.652022,0.028172,1014.084379,0.478918,0.412901,4.501532,8,7,1,1,0
180,96.013737,0.018023,1824.261011,0.342445,0.373989,4.776822,6,6,1,1,0
181,103.094757,0.034391,1752.610864,0.584655,0.279789,3.431423,8,6,1,1,0
182,144.51506,0.02943,2312.240961,0.470875,0.237071,2.998061,8,7,1,1,0
183,73.145708,0.026257,1024.039908,0.367602,0.32016,4.64153,9,9,1,1,0
184,67.484978,0.017531,877.304719,0.227907,0.202254,3.905307,8,8,1,1,0
185,62.142933,0.027334,1056.429859,0.464684,0.361885,3.962423,8,7,1,1,0
186,62.428972,0.009842,998.863551,0.157479,0.32795,4.239142,5,5,1,1,0
187,82.787507,0.027103,1490.17513,0.487851,0.24792,4.504664,6,5,1,1,0
188,95.185123,0.022035,1618.147091,0.374596,0.321384,3.875151,8,7,1,1,0
189,100.813715,0.026788,1613.019443,0.428611,0.238022,3.49821,8,7,1,1,0
190,106.686477,0.02462,1600.297155,0.3693,0.305899,5.034858,8,8,1,1,0
191,122.872763,0.037641,2211.709735,0.677546,0.333949,4.477206,9,8,1,1,0
192,112.041281,0.036366,1680.619217,0.545494,0.306181,4.119781,10,9,1,1,0
193,67.492341,0.025871,1214.862144,0.465675,0.583927,5.830255,8,8,1,1,0
194,60.026399,0.028651,900.395988,0.429771,0.346246,4.411473,8,8,1,1,0
195,67.494859,0.021708,1147.412601,0.369029,0.420989,4.087756,7,7,1,1,0
196,55.339045,0.023549,719.407581,0.306141,0.189064,3.694327,8,8,1,1,0
197,80.967259,0.024773,1295.476145,0.396366,0.328949,3.850487,7,7,1,1,0
198,54.226739,0.030072,921.854562,0.511229,0.454585,4.982961,7,7,1,1,0
199,77.413792,0.01133,1161.206873,0.169953,0.287213,3.599135,6,6,1,1,0
200,100.618844,0.049781,1609.901506,0.796494,0.297217,3.869788,9,9,1,1,0
201,111.392157,0.038335,2005.058834,0.690025,0.305162,4.450822,9,9,1,1,0
202,65.514074,0.027804,917.197032,0.389261,0.308027,3.92944,9,8,1,1,0
203,67.701905,0.028375,1015.528575,0.42563,0.305262,4.098702,9,9,1,1,0
204,132.135989,0.018824,2114.175825,0.301189,0.237134,3.965104,7,7,1,1,0
205,77.279137,0.026213,1236.466195,0.41941,0.288971,4.282768,9,8,1,1,0
206,91.683064,0.026171,1466.929018,0.418739,0.309223,4.140874,8,8,1,1,0
207,70.154256,0.029756,1052.31384,0.446343,0.33475,3.862936,8,8,1,1,0
208,71.471055,0.024034,1072.065827,0.360515,0.256181,3.833969,6,6,1,1,0
209,72.22972,0.03231,1155.675521,0.51696,0.295838,4.003634,9,9,1,1,0
210,109.049151,0.007942,1962.884723,0.14296,0.299572,4.180015,7,7,1,1,0
211,63.759395,0.022952,1020.150328,0.367237,0.334243,4.693382,7,7,1,1,0
212,104.105031,0.029763,1353.365403,0.386919,0.271687,3.060073,9,8,1,1,0
213,73.889149,0.030172,1182.226376,0.482753,0.33168,4.352555,9,8,1,1,0
214,122.452693,0.030509,1959.243091,0.488148,0.253661,3.624222,8,8,1,1,0
215,73.470875,0.020243,1102.063121,0.30364,0.326389,5.222899,7,7,1,1,0
216,179.019814,0.094123,3043.336845,1.60009,0.441179,4.410921,7,7,1,1,0
217,113.147995,0.0254,1810.367916,0.406398,0.318289,3.71543,8,7,1,1,0
218,70.330335,0.021777,984.624688,0.304881,0.353475,4.403069,9,9,1,1,0
219,65.783244,0.033171,1184.09839,0.597085,0.354879,4.541056,9,9,1,1,0
220,83.991325,0.010726,1175.878552,0.150162,0.290295,3.441873,6,6,1,1,0
221,64.452161,0.016048,966.782419,0.240716,0.318578,4.779065,6,6,1,1,0
222,127.720053,0.031117,2171.240895,0.528983,0.306198,4.350821,8,7,1,1,0
223,264.033457,0.142479,3960.501861,2.137181,0.347532,3.082264,10,10,1,1,0
224,84.524333,0.018431,1352.389327,0.294893,0.273274,4.316599,7,7,1,1,0
225,122.521975,0.036101,2327.917529,0.685918,0.362086,5.031444,9,9,1,1,0
226,85.306581,0.035582,1364.905294,0.569314,0.371731,4.858064,10,10,1,1,0
227,85.634535,0.037783,1113.248956,0.491173,0.289266,3.41848,10,10,1,1,0
228,72.286194,0.033942,1301.151494,0.61096,0.554,5.434874,9,9,1,1,0
229,160.134026,0.07754,2562.14442,1.240639,0.333369,3.684094,8,8,1,1,0
230,150.110948,0.008843,2701.997069,0.159169,0.448033,4.490759,7,7,1,1,0
231,75.615323,0.024815,1134.229852,0.372219,0.332363,5.313696,8,8,1,1,0
232,121.861727,0.038598,1827.925903,0.578977,0.239287,3.3107,10,9,1,1,0
233,95.053913,0.038926,1425.808698,0.583892,0.345174,3.708997,9,9,1,1,0
234,52.415809,0.02751,628.989703,0.330124,0.295614,2.790147,8,8,1,1,0
235,92.560156,0.039247,1480.962504,0.627958,0.319765,4.017791,9,9,1,1,0
236,105.451837,0.015041,1476.32572,0.210579,0.286277,3.147111,7,7,1,1,0
237,86.514479,0.026006,1297.717187,0.390096,0.353338,4.034957,9,8,1,1,0
238,84.240028,0.021566,1432.080477,0.366627,0.464769,4.603497,7,7,1,1,0
239,65.251046,0.026435,913.514644,0.370092,0.301357,2.997249,9,8,1,1,0
240,78.476816,0.012235,1255.62905,0.195762,0.32015,3.566102,7,7,1,1,0
241,74.724682,0.036272,1345.044285,0.652904,0.442424,4.893327,9,9,1,1,0
242,60.041647,0.035766,780.541413,0.464958,0.256701,3.728206,9,9,1,1,0
243,99.992794,0.020428,1799.870285,0.367707,0.345201,4.136459,8,8,1,1,0
244,69.797825,0.025934,1186.563017,0.440873,0.349145,4.99098,8,8,1,1,0
245,78.14098,0.031821,1406.537637,0.572777,0.474815,5.413693,8,8,1,1,0
246,63.920669,0.016608,1086.651365,0.282332,0.529806,4.828741,6,6,1,1,0
247,73.769145,0.014053,1327.844614,0.252959,0.517256,5.725929,6,6,1,1,0
248,93.451481,0.015356,1588.675183,0.261045,0.366471,4.960283,6,5,1,1,0
249,83.223358,0.037385,1331.573733,0.598166,0.377203,5.049467,9,9,1,1,0
250,66.357578,0.026745,1194.436401,0.481414,0.4665,5.017652,9,9,1,1,0
251,84.512782,0.028156,1521.230074,0.506812,0.48099,4.624461,9,9,1,1,0
252,229.74304,0.104814,3216.402565,1.467401,0.22539,3.437321,6,6,1,1,0
253,109.96181,0.032128,1539.465346,0.449795,0.250807,3.485382,9,9,1,1,0
254,76.133311,0.030673,989.733043,0.398751,0.221759,3.922095,9,9,1,1,0
255,60.89269,0.01743,791.604972,0.226593,0.319329,3.895171,8,8,1,1,0
256,140.093289,0.028268,2241.492618,0.452283,0.441661,2.898905,7,7,1,1,0
257,151.559218,0.039487,2424.947495,0.631792,0.263666,4.039739,10,10,1,1,0
258,105.925854,0.037351,1588.887814,0.560263,0.336292,4.945447,10,10,1,1,0
259,63.830604,0.037695,893.628452,0.527733,0.429993,4.008475,10,10,1,1,0
260,175.68503,0.027418,2635.275454,0.411264,0.30651,2.275931,8,8,1,1,0
261,153.127149,0.073866,2603.161534,1.255726,0.438377,4.081877,8,8,1,1,0
262,60.934489,0.017028,914.017339,0.255424,0.342106,4.862153,6,6,1,1,0
263,65.531712,0.01781,851.912255,0.231534,0.300488,3.395483,8,7,1,1,0
264,97.769574,0.033479,1662.082762,0.569139,0.283423,3.901439,9,9,1,1,0
265,68.903555,0.030566,1102.456876,0.489058,0.415491,4.813645,9,9,1,1,0
266,137.281042,0.029522,1921.934587,0.413307,0.330797,2.989603,8,8,1,1,0
267,80.030355,0.03754,1200.45533,0.563103,0.326477,3.812204,10,10,1,1,0
268,77.924374,0.029775,1168.865603,0.446623,0.361615,4.105914,9,9,1,1,0
269,63.305129,0.020699,1076.187195,0.351879,0.428036,4.627767,8,8,1,1,0
270,91.123164,0.02631,1093.477971,0.315714,0.323647,2.407184,8,8,1,1,0
271,129.096102,0.037496,2194.633728,0.637424,0.311564,3.857949,8,8,1,1,0
272,182.863182,0.1028,3291.537273,1.850402,0.352428,5.206233,10,10,1,1,0
273,75.881638,0.021819,1138.224566,0.327286,0.381973,3.978627,9,9,1,1,0
274,86.797003,0.032532,1475.549059,0.553052,0.532493,3.946247,9,9,1,1,0
275,72.46916,0.036623,1231.975714,0.62259,0.489713,5.222335,10,10,1,1,0
276,77.764217,0.006328,1244.227467,0.101255,0.356592,3.805339,6,6,1,1,0
277,64.564257,0.025809,1162.156621,0.464555,0.578221,5.44293,8,8,1,1,0
278,124.489733,0.018302,2489.794667,0.366035,0.483309,4.880475,7,7,1,1,0
279,106.956685,0.036212,1390.436899,0.470762,0.362911,3.445015,10,10,1,1,0
280,117.503296,0.071298,1292.536251,0.784278,0.224964,3.129161,9,9,1,1,0
281,79.482299,0.036882,1351.199086,0.626995,0.43817,3.972995,10,10,1,1,0
282,87.626774,0.031158,1577.281935,0.560848,0.454899,3.621965,9,9,1,1,0
283,97.53973,0.032772,1365.556225,0.458808,0.270903,2.91874,8,8,1,1,0
284,163.633525,0.086061,2618.136395,1.376976,0.36602,3.717188,9,9,1,1,0
285,82.298406,0.020986,1069.879277,0.272818,0.329475,3.307978,7,7,1,1,0
286,84.114303,0.020898,1514.057446,0.376164,0.339864,5.160258,8,8,1,1,0
287,111.512355,0.030041,2118.73475,0.570786,0.378918,5.491228,8,8,1,1,0
288,89.456236,0.031176,1252.387303,0.436461,0.301127,3.456267,9,8,1,1,0
289,100.382061,0.050469,1806.877091,0.908445,0.491286,4.855916,9,9,1,1,0
290,91.60448,0.025785,1465.671673,0.412556,0.386221,3.841218,9,9,1,1,0
291,116.649187,0.034916,1633.088616,0.488827,0.295194,3.173453,9,9,1,1,0
292,69.557531,0.018659,1252.035553,0.335868,0.493561,6.470172,8,8,1,1,0
293,82.194592,0.038931,1150.724288,0.54503,0.303023,3.480659,10,10,1,1,0
294,112.763862,0.04349,1578.694062,0.608857,0.356096,3.653059,8,8,1,1,0
295,111.451187,0.029754,1671.767808,0.446312,0.338033,3.564011,8,8,1,1,0
296,55.357529,0.01754,830.362928,0.263097,0.325916,4.598004,8,8,1,1,0
297,96.223457,0.041381,1635.798771,0.703481,0.363573,3.69057,10,9,1,1,0
298,127.467111,0.015467,2294.407996,0.278408,0.292049,4.052825,8,8,1,1,0
299,86.13387,0.053049,1119.740312,0.689643,0.243695,3.940823,9,9,1,1,0
300,133.422405,0.039072,2001.336068,0.586081,0.337093,3.821081,10,10,1,1,0
301,50.841744,0.036337,813.467908,0.581391,0.370297,5.504108,10,10,1,1,0
302,138.053207,0.079347,1932.744894,1.110853,0.334906,3.049744,10,10,1,1,0
303,73.728399,0.021431,1253.382781,0.364328,0.495719,4.724053,8,8,1,1,0
304,71.794419,0.029181,1220.505131,0.496072,0.41008,4.510136,9,9,1,1,0
305,371.105672,0.186487,5937.690752,2.983795,0.448286,3.602839,7,7,1,1,0
306,74.821992,0.037955,1197.151869,0.60728,0.453878,4.783505,10,10,1,1,0
307,93.986103,0.022214,1503.777646,0.355421,0.413256,4.033937,8,8,1,1,0
308,131.679998,0.029655,1711.839975,0.38552,0.221557,3.25653,9,9,1,1,0
309,105.865739,0.0575,1587.986085,0.862507,0.358745,3.919578,10,10,1,1,0
310,106.446927,0.015852,2022.491608,0.301195,0.46816,5.298927,8,8,1,1,0
311,98.06302,0.029156,1667.071347,0.495649,0.441804,4.673043,9,9,1,1,0
312,55.467284,0.037353,665.607412,0.448238,0.235749,3.065355,10,10,1,1,0
313,84.676314,0.037404,1354.821032,0.598459,0.376264,4.021597,10,10,1,1,0
314,70.710641,0.026054,989.948976,0.364755,0.451272,4.016786,8,8,1,1,0
315,75.308169,0.019984,1355.547038,0.359703,0.534493,5.567927,8,8,1,1,0
316,101.366251,0.017691,1520.493767,0.265372,0.375322,3.781992,7,7,1,1,0
317,118.158405,0.037858,2008.692881,0.643583,0.424928,4.224449,10,10,1,1,0
318,72.291332,0.037647,1228.952649,0.640007,0.459757,5.333002,10,10,1,1,0
319,78.841229,0.035046,1419.142114,0.63083,0.457965,4.732449,9,8,1,1,0
320,93.273685,0.024216,1492.378961,0.387458,0.401258,3.897542,8,8,1,1,0
321,106.710684,0.015455,1707.370951,0.247277,0.344083,3.530097,7,7,1,1,0
322,148.670665,0.036665,2824.74264,0.696639,0.361178,5.164943,10,10,1,1,0
323,109.743232,0.03585,1975.378172,0.645301,0.309923,4.167741,9,9,1,1,0
324,107.492637,0.016277,1612.389555,0.244158,0.365603,3.545004,8,8,1,1,0
325,83.363747,0.038702,1333.819948,0.619224,0.46343,4.662363,10,10,1,1,0
326,62.527333,0.024819,1125.491991,0.446743,0.431135,5.700567,7,7,1,1,0
327,132.209207,0.007874,2115.347307,0.12599,0.381836,3.803836,7,7,1,1,0
328,85.837671,0.033008,1373.402729,0.528131,0.357344,5.503072,8,8,1,1,0
329,143.548826,0.049509,2296.781212,0.792149,0.331744,3.89404,10,9,1,1,0
330,70.144709,0.037712,1262.604759,0.678821,0.450292,5.941334,10,10,1,1,0
331,89.662024,0.025226,1344.930355,0.378385,0.339266,3.534519,9,9,1,1,0
332,70.160008,0.026749,912.0801,0.347731,0.394537,3.726452,9,9,1,1,0
333,93.466483,0.029184,1682.396691,0.525315,0.478166,3.979826,9,9,1,1,0
334,91.465179,0.033153,1646.373219,0.596759,0.369419,4.761793,9,9,1,1,0
335,418.862988,0.206245,7539.533784,3.712404,0.370859,4.166169,8,8,1,1,0
336,57.852285,0.026212,925.636563,0.419391,0.473665,5.487211,9,9,1,1,0
337,91.376475,0.032529,1553.400077,0.552991,0.430435,3.981689,9,9,1,1,0
338,75.519649,0.019226,1057.275083,0.269168,0.330589,3.263007,8,8,1,1,0
339,86.780397,0.036009,1301.705956,0.540139,0.375265,3.347746,9,9,1,1,0
340,102.762509,0.013067,1746.962659,0.222133,0.381938,4.039361,7,7,1,1,0
341,161.085957,0.072367,2738.461274,1.230236,0.274045,4.300747,8,8,1,1,0
342,158.061718,0.036642,2687.049207,0.622916,0.355076,3.9266,9,9,1,1,0
343,61.079243,0.032079,794.030159,0.417025,0.2629,4.407939,9,9,1,1,0
344,189.632041,0.01446,3413.376734,0.260281,0.367424,3.891463,9,9,1,1,0
345,366.194229,0.188446,7323.884585,3.768923,0.536921,5.135871,9,9,1,1,0
346,58.641304,0.024128,820.97826,0.337798,0.396204,4.226461,8,8,1,1,0
347,82.931907,0.018331,1326.910513,0.293295,0.371437,5.013119,8,8,1,1,0
348,62.000595,0.029887,806.007733,0.388529,0.319968,3.033627,9,9,1,1,0
349,65.896732,0.0313,1120.244436,0.532107,0.431573,4.961785,9,9,1,1,0
350,87.732657,0.04691,1228.257194,0.656745,0.370948,3.160154,9,9,1,1,0
351,109.900941,0.026399,1648.514117,0.395981,0.31375,3.422825,9,9,1,1,0
352,84.811689,0.017387,1356.987028,0.278198,0.313561,4.361112,8,8,1,1,0
353,83.606883,0.032536,1337.710124,0.520581,0.480532,5.291446,9,9,1,1,0
354,77.438839,0.013261,1161.582581,0.198922,0.394773,4.263511,7,7,1,1,0
355,66.32802,0.027121,1193.904351,0.488171,0.33124,4.810289,8,7,1,1,0
356,99.974434,0.027457,1799.539815,0.494231,0.391793,4.90007,9,9,1,1,0
357,96.734208,0.027549,1547.747323,0.440785,0.372468,3.452136,9,9,1,1,0
358,176.036653,0.086615,2992.623102,1.47245,0.39167,3.691394,9,9,1,1,0
359,114.638144,0.007084,1948.848444,0.12042,0.321519,4.453171,8,8,1,1,0
360,71.961417,0.037623,1223.34409,0.639598,0.559984,5.661182,10,10,1,1,0
361,66.856774,0.026355,1002.851617,0.395318,0.559562,4.004035,8,8,1,1,0
362,84.224386,0.036872,1263.365797,0.553075,0.328047,3.217627,10,10,1,1,0
363,87.663644,0.030056,1139.627369,0.390723,0.245373,2.939646,8,8,1,1,0
364,121.195094,0.035108,1939.121509,0.561727,0.374919,3.422986,10,10,1,1,0
365,99.101364,0.029096,1783.824549,0.523735,0.533759,4.465321,9,9,1,1,0
366,94.666083,0.026989,1419.991247,0.404837,0.360695,3.546001,9,9,1,1,0
367,76.014655,0.038879,1444.278438,0.738699,0.515347,4.769764,10,10,1,1,0
368,90.670839,0.015301,1360.062581,0.229513,0.332983,3.500078,7,7,1,1,0
369,323.067867,0.159328,5815.22161,2.867899,0.341816,4.475175,8,8,1,1,0
370,177.047743,0.01632,3009.811633,0.277443,0.295079,4.424638,7,7,1,1,0
371,113.923216,0.039764,1594.925027,0.556698,0.24519,2.941476,10,9,1,1,0
372,108.384402,0.034699,1625.766025,0.520492,0.406847,3.946472,10,10,1,1,0
373,102.147242,0.02505,1838.650351,0.450904,0.402572,4.431383,9,9,1,1,0
374,106.062326,0.034288,1909.121868,0.617184,0.434694,3.810584,9,9,1,1,0
375,223.897639,0.06593,4254.055136,1.252668,0.364871,4.112601,10,10,1,1,0
376,53.38485,0.035442,854.157606,0.567075,0.412406,5.576466,10,10,1,1,0
377,121.911398,0.036237,2072.493764,0.616036,0.471692,3.694054,10,10,1,1,0
378,91.02972,0.03766,1274.416085,0.527236,0.370271,4.74358,10,10,1,1,0
379,104.594723,0.022406,1568.920849,0.33609,0.343575,3.514359,9,9,1,1,0
380,141.637199,0.037206,2549.469577,0.669708,0.516166,4.368512,10,10,1,1,0
381,96.423756,0.053769,1446.356345,0.806535,0.437545,4.107281,10,10,1,1,0
382,84.583321,0.028079,1353.333137,0.44926,0.469823,4.558887,9,9,1,1,0
383,81.66792,0.028652,1061.682963,0.372476,0.376347,3.519538,9,9,1,1,0
384,63.769484,0.01935,1020.31175,0.309594,0.429458,4.381319,8,8,1,1,0
385,75.73147,0.03256,1363.166453,0.586088,0.547049,3.873334,9,9,1,1,0
386,123.404143,0.022274,2221.274573,0.400927,0.374201,3.909411,8,8,1,1,0
387,89.899428,0.03526,1528.290273,0.599428,0.424308,4.187859,9,9,1,1,0
388,86.204214,0.026841,1724.084278,0.536827,0.467367,5.956861,8,8,1,1,0
389,171.745352,0.034645,3091.416339,0.62361,0.518905,3.443177,9,9,1,1,0
390,74.897377,0.036815,1198.358034,0.58904,0.330635,4.646322,10,10,1,1,0
391,95.367127,0.028734,1811.975416,0.545952,0.417956,4.563219,9,9,1,1,0
392,57.996977,0.027593,1043.945578,0.496677,0.409802,4.928778,9,9,1,1,0
393,81.804616,0.030142,1145.264629,0.421985,0.343424,3.585557,9,9,1,1,0
394,143.158637,0.029834,2576.855462,0.537005,0.395489,3.879235,9,9,1,1,0
395,137.330742,0.057622,2471.953365,1.037199,0.368353,4.839244,8,8,1,1,0
396,92.74593,0.024752,1391.18895,0.371284,0.37265,4.649007,8,8,1,1,0
397,79.511387,0.028928,1351.693576,0.491769,0.383296,3.874122,9,8,1,1,0
398,212.354673,0.041545,4034.73879,0.789353,0.279985,2.56062,10,9,1,1,0
399,201.633187,0.11295,2822.864623,1.581303,0.360766,3.799522,10,10,1,1,0
400,76.68122,0.026084,1303.580732,0.443427,0.349543,4.039961,9,9,1,1,0
401,98.809861,0.037511,1778.577492,0.675207,0.34969,4.389919,10,10,1,1,0
402,83.536007,0.027403,1503.648131,0.493258,0.505103,5.898611,8,8,1,1,0
403,156.096537,0.027231,2653.641132,0.462921,0.43282,4.166847,9,9,1,1,0
404,87.974787,0.035686,1583.546162,0.642352,0.487389,6.214623,9,9,1,1,0
405,117.979097,0.035245,2123.623751,0.634405,0.422153,3.474792,9,8,1,1,0
406,63.671108,0.028591,891.395515,0.400278,0.393923,4.770958,9,9,1,1,0
407,75.837556,0.025351,1289.238447,0.430963,0.418111,5.335788,8,8,1,1,0
408,74.053151,0.037957,1407.009866,0.721192,0.453546,4.202758,10,9,1,1,0
409,414.405465,0.205888,6630.487443,3.294207,0.277166,2.45954,8,8,1,1,0
410,62.627336,0.024308,1064.664713,0.413233,0.369811,5.656965,8,8,1,1,0
411,59.990929,0.022548,1079.836728,0.405867,0.490297,6.313939,7,7,1,1,0
412,81.98869,0.03835,1311.819035,0.613595,0.29917,3.429469,10,8,1,1,0
413,101.116991,0.016543,1921.222835,0.314322,0.417813,4.369951,7,7,1,1,0
414,98.40321,0.02965,1180.838523,0.355798,0.233938,3.21176,8,8,1,1,0
415,114.651672,0.020272,1834.426756,0.324348,0.367631,4.718696,8,8,1,1,0
416,81.61391,0.033521,1305.82256,0.536336,0.346017,4.160425,9,9,1,1,0
417,65.212067,0.03026,1043.393065,0.484158,0.403909,4.046238,8,8,1,1,0
418,87.599821,0.012585,1576.796782,0.226529,0.350757,5.541111,5,5,1,1,0
419,70.737367,0.027392,1131.797868,0.438268,0.366508,4.097071,9,9,1,1,0
420,96.202913,0.012538,1443.043698,0.188072,0.240234,3.643295,7,7,1,1,0
421,77.679882,0.036053,1398.237883,0.648951,0.408196,5.157205,9,9,1,1,0
422,72.73829,0.024521,1309.289227,0.441382,0.442547,5.462166,7,7,1,1,0
423,83.642494,0.033903,1170.994919,0.474641,0.204371,2.655469,9,8,1,1,0
424,61.75702,0.025,864.598277,0.35,0.277841,3.724739,8,8,1,1,0
425,76.375838,0.015386,1222.01341,0.246175,0.398506,4.849293,6,6,1,1,0
426,65.758562,0.017161,1183.654113,0.308895,0.369906,6.096665,6,6,1,1,0
427,96.763883,0.027848,1741.749901,0.501261,0.367397,4.724138,8,6,1,1,0
428,103.918678,0.043526,1454.86149,0.609364,0.179069,2.858569,9,8,1,1,0
429,280.777069,0.129199,4492.433103,2.067188,0.404494,3.86518,9,9,1,1,0
430,108.30204,0.036271,1624.530594,0.544058,0.417527,5.294279,10,10,1,1,0
431,121.753624,0.037473,1948.057984,0.599562,0.342732,3.959669,9,9,1,1,0
432,122.895482,0.051464,1966.327709,0.823426,0.322989,4.438581,8,8,1,1,0
433,99.091766,0.035909,1585.468254,0.574538,0.414964,3.983192,10,10,1,1,0
434,80.853688,0.017038,1293.659012,0.272608,0.362636,4.473561,8,8,1,1,0
435,143.211676,0.019962,2291.386819,0.319394,0.460517,3.438137,7,7,1,1,0
436,76.718915,0.038121,1380.940465,0.686182,0.502819,5.740809,10,10,1,1,0
437,159.492023,0.086342,2392.38034,1.295135,0.369695,3.69566,10,10,1,1,0
438,77.206486,0.029546,1466.923243,0.561372,0.514146,5.195241,9,9,1,1,0
439,70.971625,0.024969,1206.517624,0.424472,0.415774,4.456906,8,8,1,1,0
440,72.776874,0.028703,1018.87623,0.401847,0.255599,3.618498,8,8,1,1,0
441,102.70777,0.030976,1540.616543,0.464647,0.3092,3.378355,9,8,1,1,0
442,72.849977,0.018447,1165.599638,0.295149,0.354377,5.384875,7,7,1,1,0
443,118.856774,0.046932,2139.421929,0.844769,0.394245,3.252601,9,8,1,1,0
444,144.15957,0.070693,2306.553115,1.131092,0.425535,3.942027,10,10,1,1,0
445,70.815825,0.021853,1203.869031,0.3715,0.419241,4.859895,7,7,1,1,0
446,121.602667,0.017304,2067.245332,0.294161,0.30204,4.067955,9,9,1,1,0
447,109.216959,0.057156,1856.688298,0.971649,0.387128,4.19947,8,8,1,1,0
448,65.641609,0.031079,984.62413,0.466186,0.441775,4.58992,8,8,1,1,0
449,72.602314,0.013796,1161.63703,0.22074,0.394259,4.58338,6,6,1,1,0
450,70.242874,0.022743,1334.614597,0.432115,0.330722,4.956673,8,6,1,1,0
451,100.646951,0.030293,1710.998163,0.514988,0.360614,4.62811,9,9,1,1,0
452,94.361821,0.038363,1321.065493,0.537081,0.203616,2.944322,10,9,1,1,0
453,85.547104,0.021449,1283.206561,0.321742,0.336738,3.875937,8,8,1,1,0
454,55.568792,0.01202,777.963083,0.168284,0.248971,4.358518,6,6,1,1,0
455,72.73569,0.030155,1091.03535,0.45233,0.294973,4.055526,8,8,1,1,0
456,96.708981,0.037227,1450.634718,0.558399,0.332734,3.635328,10,10,1,1,0
457,70.285347,0.026176,1054.280203,0.392644,0.393381,4.46924,9,9,1,1,0
458,95.170417,0.026688,1713.0675,0.48039,0.51005,4.814875,8,8,1,1,0
459,130.584897,0.008447,1958.773459,0.126704,0.268255,3.744222,7,7,1,1,0
460,110.288591,0.036669,1433.751688,0.476691,0.22926,3.466721,10,10,1,1,0
461,74.531353,0.02925,1267.033002,0.497246,0.363338,5.88907,9,9,1,1,0
462,75.763459,0.031295,1212.215351,0.500722,0.376794,5.119556,9,9,1,1,0
463,93.832808,0.010056,1407.492122,0.150835,0.429441,3.821328,6,6,1,1,0
464,83.140978,0.03017,1163.973691,0.422375,0.378937,3.297295,8,7,1,1,0
465,158.619665,0.036477,2220.675314,0.510682,0.424168,3.455038,8,8,1,1,0
466,70.485923,0.037511,1127.774764,0.600174,0.476535,5.56396,10,10,1,1,0
467,126.029811,0.026536,2016.476982,0.424582,0.296082,3.31748,8,8,1,1,0
468,67.355188,0.027035,1077.683013,0.432553,0.426425,5.206662,8,8,1,1,0
469,90.209143,0.014274,1533.555427,0.242664,0.381922,5.672369,7,7,1,1,0
470,108.241646,0.030428,1948.349622,0.547701,0.385141,3.880123,9,7,1,1,0
471,83.657897,0.031402,1505.842147,0.565228,0.441517,5.302913,9,9,1,1,0
472,78.709668,0.038191,1416.774029,0.687431,0.394629,5.603204,10,10,1,1,0
473,80.000638,0.03029,1360.010845,0.514932,0.370811,5.173596,9,9,1,1,0
474,87.944233,0.020353,1407.107723,0.325648,0.351654,3.933091,7,7,1,1,0
475,65.827406,0.025419,1119.065897,0.432126,0.482093,5.115387,8,8,1,1,0
476,56.447135,0.011924,790.259883,0.166932,0.411927,4.356749,6,6,1,1,0
477,75.381111,0.028016,1206.097784,0.448248,0.395634,4.655908,9,9,1,1,0
478,200.899663,0.082332,3817.093589,1.564311,0.529763,4.497013,6,6,1,1,0
479,84.443905,0.023834,1351.102486,0.381348,0.311686,4.681821,7,7,1,1,0
480,100.093663,0.027768,1301.217618,0.360987,0.298083,3.390608,9,9,1,1,0
481,69.012271,0.035088,1104.196339,0.561415,0.444456,5.129743,9,9,1,1,0
482,69.969548,0.017387,1119.512761,0.278192,0.318359,4.1048,8,8,1,1,0
483,84.285082,0.02399,1432.846393,0.40783,0.452012,4.734799,8,8,1,1,0
484,73.2339,0.016752,1025.274603,0.234526,0.333663,3.746416,8,8,1,1,0
485,83.425894,0.034209,1251.388415,0.513133,0.266446,3.467411,9,8,1,1,0
486,182.482735,0.03065,2919.723754,0.490399,0.346942,3.332386,8,8,1,1,0
487,130.882621,0.03379,2094.121933,0.540636,0.410651,4.025288,10,10,1,1,0
488,98.628816,0.008508,1775.318681,0.153137,0.342679,4.88209,7,7,1,1,0
489,78.165147,0.027458,1172.477211,0.411877,0.38665,5.224386,9,9,1,1,0
490,102.537898,0.027878,1435.530569,0.390297,0.207237,3.710641,8,8,1,1,0
491,105.491759,0.033149,1793.35991,0.563536,0.349296,4.512063,9,9,1,1,0
492,71.302482,0.016995,926.932263,0.22094,0.330406,2.661247,8,8,1,1,0
493,227.605322,0.033488,4096.895796,0.602777,0.34637,4.873109,9,9,1,1,0
494,71.827606,0.032771,1005.586478,0.458794,0.32316,3.939732,9,9,1,1,0
495,81.920843,0.026488,1228.812645,0.397323,0.254202,3.605392,9,9,1,1,0
496,83.598317,0.030286,1504.769709,0.545144,0.474467,4.848963,9,9,1,1,0
497,70.948346,0.030693,1135.173544,0.491082,0.422104,4.347703,8,8,1,1,0
498,65.1304,0.017532,1107.216808,0.298039,0.365802,4.788527,7,7,1,1,0
499,87.726096,0.026361,1579.069728,0.474498,0.463735,4.928056,8,8,1,1,0
500,114.04163,0.020513,1710.624446,0.30769,0.302922,3.697581,8,7,1,1,0
